Cow_BIP number,Cow_Gene stable ID,Cow_Chromosome/scaffold name,Cow_Gene start (bp),Cow_Gene end (bp),Cow_Strand,Cow_Gene description,Cow_Gene name,Cow_Gene type,Cow_Gene stable ID.1,Cow_Chromosome/scaffold name.1,Cow_Gene start (bp).1,Cow_Gene end (bp).1,Cow_Strand.1,Cow_Gene description.1,Cow_Gene name.1,Cow_Gene type.1,Cow_distance,Blue_Whale_BIP number,Blue_Whale_Gene stable ID,Blue_Whale_Chromosome/scaffold name,Blue_Whale_Gene start (bp),Blue_Whale_Gene end (bp),Blue_Whale_Strand,Blue_Whale_Gene description,Blue_Whale_Gene name,Blue_Whale_Gene type,Blue_Whale_Gene stable ID.1,Blue_Whale_Chromosome/scaffold name.1,Blue_Whale_Gene start (bp).1,Blue_Whale_Gene end (bp).1,Blue_Whale_Strand.1,Blue_Whale_Gene description.1,Blue_Whale_Gene name.1,Blue_Whale_Gene type.1,Blue_Whale_distance,Domestic_Yak_BIP number,Domestic_Yak_Gene stable ID,Domestic_Yak_Chromosome/scaffold name,Domestic_Yak_Gene start (bp),Domestic_Yak_Gene end (bp),Domestic_Yak_Strand,Domestic_Yak_Gene description,Domestic_Yak_Gene name,Domestic_Yak_Gene type,Domestic_Yak_Gene stable ID.1,Domestic_Yak_Chromosome/scaffold name.1,Domestic_Yak_Gene start (bp).1,Domestic_Yak_Gene end (bp).1,Domestic_Yak_Strand.1,Domestic_Yak_Gene description.1,Domestic_Yak_Gene name.1,Domestic_Yak_Gene type.1,Domestic_Yak_distance,Goat_BIP number,Goat_Gene stable ID,Goat_Chromosome/scaffold name,Goat_Gene start (bp),Goat_Gene end (bp),Goat_Strand,Goat_Gene description,Goat_Gene name,Goat_Gene type,Goat_Gene stable ID.1,Goat_Chromosome/scaffold name.1,Goat_Gene start (bp).1,Goat_Gene end (bp).1,Goat_Strand.1,Goat_Gene description.1,Goat_Gene name.1,Goat_Gene type.1,Goat_distance,Sheep_BIP number,Sheep_Gene stable ID,Sheep_Chromosome/scaffold name,Sheep_Gene start (bp),Sheep_Gene end (bp),Sheep_Strand,Sheep_Gene description,Sheep_Gene name,Sheep_Gene type,Sheep_Gene stable ID.1,Sheep_Chromosome/scaffold name.1,Sheep_Gene start (bp).1,Sheep_Gene end (bp).1,Sheep_Strand.1,Sheep_Gene description.1,Sheep_Gene name.1,Sheep_Gene type.1,Sheep_distance,Vaquita_BIP number,Vaquita_Gene stable ID,Vaquita_Chromosome/scaffold name,Vaquita_Gene start (bp),Vaquita_Gene end (bp),Vaquita_Strand,Vaquita_Gene description,Vaquita_Gene name,Vaquita_Gene type,Vaquita_Gene stable ID.1,Vaquita_Chromosome/scaffold name.1,Vaquita_Gene start (bp).1,Vaquita_Gene end (bp).1,Vaquita_Strand.1,Vaquita_Gene description.1,Vaquita_Gene name.1,Vaquita_Gene type.1,Vaquita_distance,Yarkand_Deer_BIP number,Yarkand_Deer_Gene stable ID,Yarkand_Deer_Chromosome/scaffold name,Yarkand_Deer_Gene start (bp),Yarkand_Deer_Gene end (bp),Yarkand_Deer_Strand,Yarkand_Deer_Gene description,Yarkand_Deer_Gene name,Yarkand_Deer_Gene type,Yarkand_Deer_Gene stable ID.1,Yarkand_Deer_Chromosome/scaffold name.1,Yarkand_Deer_Gene start (bp).1,Yarkand_Deer_Gene end (bp).1,Yarkand_Deer_Strand.1,Yarkand_Deer_Gene description.1,Yarkand_Deer_Gene name.1,Yarkand_Deer_Gene type.1,Yarkand_Deer_distance
1028,ENSBTAG00000007757,18,63260500,63271920,-1,pre-mRNA processing factor 31 [Source:VGNC Symbol;Acc:VGNC:33374],PRPF31,protein_coding,ENSBTAG00000007756,18,63271873,63280483,1,TCF3 fusion partner [Source:VGNC Symbol;Acc:VGNC:35795],TFPT,protein_coding,47,616,ENSBMSG00010018719,19,4185532,4202432,-1,pre-mRNA processing factor 31 [Source:HGNC Symbol;Acc:HGNC:15446],PRPF31,protein_coding,ENSBMSG00010018776,19,4202494,4210111,1,TCF3 fusion partner [Source:HGNC Symbol;Acc:HGNC:13630],TFPT,protein_coding,62,,,,,,,,,,,,,,,,,,,,,,,,,,,,,,,,,,,,,787,ENSOARG00020003439,14,64004518,64015403,-1,pre-mRNA processing factor 31 [Source:HGNC Symbol;Acc:HGNC:15446],PRPF31,protein_coding,ENSOARG00020003506,14,64015500,64023087,1,TCF3 fusion partner [Source:HGNC Symbol;Acc:HGNC:13630],TFPT,protein_coding,97,777,ENSPSNG00000014461,19,3662956,3679410,-1,pre-mRNA processing factor 31 [Source:NCBI gene (formerly Entrezgene);Acc:116743787],PRPF31,protein_coding,ENSPSNG00000014577,19,3679563,3686082,1,TCF3 fusion partner [Source:NCBI gene (formerly Entrezgene);Acc:116743844],TFPT,protein_coding,153,,,,,,,,,,,,,,,,,,
1074,ENSBTAG00000000831,19,24340156,24360349,1,"cystinosin, lysosomal cystine transporter [Source:VGNC Symbol;Acc:VGNC:27807]",CTNS,protein_coding,ENSBTAG00000000833,19,24359966,24365269,-1,Tax1 binding protein 3 [Source:VGNC Symbol;Acc:VGNC:35620],TAX1BP3,protein_coding,383,879,ENSBMSG00010021317,20,47986489,48005071,1,"cystinosin, lysosomal cystine transporter [Source:HGNC Symbol;Acc:HGNC:2518]",CTNS,protein_coding,ENSBMSG00010021330,20,48005471,48010968,-1,Tax1 binding protein 3 [Source:HGNC Symbol;Acc:HGNC:30684],TAX1BP3,protein_coding,400,,,,,,,,,,,,,,,,,,,,,,,,,,,,,,,,,,,,,,,,,,,,,,,,,,,,,,,,,,,,,,,,,,,,,,,,,,,,,,,,,,,,,,,,,,
1079,ENSBTAG00000058577,19,26065338,26067367,1,,,protein_coding,ENSBTAG00000020432,19,26067601,26083646,-1,MIS12 kinetochore complex component [Source:VGNC Symbol;Acc:VGNC:31484],MIS12,protein_coding,234,,,,,,,,,,,,,,,,,,,,,,,,,,,,,,,,,,,,,,,,,,,,,,,,,,,,,,,293,ENSOARG00020010794,11,25949704,25951821,1,,,protein_coding,ENSOARG00020010759,11,25952548,25958410,-1,MIS12 kinetochore complex component [Source:HGNC Symbol;Acc:HGNC:24967],MIS12,protein_coding,727,,,,,,,,,,,,,,,,,,,,,,,,,,,,,,,,,,,,
1080,ENSBTAG00000012739,19,26114946,26120375,1,complement C1q binding protein [Source:VGNC Symbol;Acc:VGNC:26618],C1QBP,protein_coding,ENSBTAG00000025149,19,26119984,26127138,-1,RPA interacting protein [Source:VGNC Symbol;Acc:VGNC:34097],RPAIN,protein_coding,391,884,ENSBMSG00010017913,20,49799449,49804536,1,complement C1q binding protein [Source:HGNC Symbol;Acc:HGNC:1243],C1QBP,protein_coding,ENSBMSG00010017979,20,49804585,49811169,-1,RPA interacting protein [Source:HGNC Symbol;Acc:HGNC:28641],RPAIN,protein_coding,49,,,,,,,,,,,,,,,,,,,323,ENSCHIG00000027244,19,25928398,25933530,1,complement C1q binding protein [Source:HGNC Symbol;Acc:HGNC:1243],C1QBP,protein_coding,ENSCHIG00000026155,19,25933959,25940352,-1,RPA interacting protein [Source:HGNC Symbol;Acc:HGNC:28641],RPAIN,protein_coding,429,295,ENSOARG00020010423,11,25999383,26005184,1,complement C1q binding protein [Source:HGNC Symbol;Acc:HGNC:1243],C1QBP,protein_coding,ENSOARG00020010132,11,26004244,26012034,-1,RPA interacting protein [Source:HGNC Symbol;Acc:HGNC:28641],RPAIN,protein_coding,940,,,,,,,,,,,,,,,,,,,776,ENSCHYG00000010760,5,93768645,93773310,1,complement C1q binding protein [Source:HGNC Symbol;Acc:HGNC:1243],C1QBP,protein_coding,ENSCHYG00000010883,5,93773477,93780223,-1,RPA interacting protein [Source:HGNC Symbol;Acc:HGNC:28641],RPAIN,protein_coding,167
1081,ENSBTAG00000025149,19,26119984,26127138,-1,RPA interacting protein [Source:VGNC Symbol;Acc:VGNC:34097],RPAIN,protein_coding,ENSBTAG00000011507,19,26128009,26149670,1,nucleoporin 88 [Source:VGNC Symbol;Acc:VGNC:32365],NUP88,protein_coding,871,885,ENSBMSG00010017979,20,49804585,49811169,-1,RPA interacting protein [Source:HGNC Symbol;Acc:HGNC:28641],RPAIN,protein_coding,ENSBMSG00010018074,20,49811242,49841033,1,nucleoporin 88 [Source:HGNC Symbol;Acc:HGNC:8067],NUP88,protein_coding,73,,,,,,,,,,,,,,,,,,,324,ENSCHIG00000026155,19,25933959,25940352,-1,RPA interacting protein [Source:HGNC Symbol;Acc:HGNC:28641],RPAIN,protein_coding,ENSCHIG00000023339,19,25940968,25962229,1,nucleoporin 88 [Source:HGNC Symbol;Acc:HGNC:8067],NUP88,protein_coding,616,296,ENSOARG00020010132,11,26004244,26012034,-1,RPA interacting protein [Source:HGNC Symbol;Acc:HGNC:28641],RPAIN,protein_coding,ENSOARG00020009973,11,26011768,26034022,1,nucleoporin 88 [Source:HGNC Symbol;Acc:HGNC:8067],NUP88,protein_coding,266,,,,,,,,,,,,,,,,,,,777,ENSCHYG00000010883,5,93773477,93780223,-1,RPA interacting protein [Source:HGNC Symbol;Acc:HGNC:28641],RPAIN,protein_coding,ENSCHYG00000011165,5,93780777,93802519,1,nucleoporin 88 [Source:HGNC Symbol;Acc:HGNC:8067],NUP88,protein_coding,554
1091,ENSBTAG00000018314,19,26619637,26621596,-1,mediator complex subunit 11 [Source:VGNC Symbol;Acc:VGNC:31348],MED11,protein_coding,ENSBTAG00000018315,19,26621449,26670611,1,"proline, glutamate and leucine rich protein 1 [Source:VGNC Symbol;Acc:VGNC:32744]",PELP1,protein_coding,147,891,ENSBMSG00010020221,20,50367933,50370162,-1,mediator complex subunit 11 [Source:HGNC Symbol;Acc:HGNC:32687],MED11,protein_coding,ENSBMSG00010020283,20,50369374,50415000,1,"proline, glutamate and leucine rich protein 1 [Source:HGNC Symbol;Acc:HGNC:30134]",PELP1,protein_coding,788,,,,,,,,,,,,,,,,,,,,,,,,,,,,,,,,,,,,,303,ENSOARG00020024612,11,26500105,26502509,-1,mediator complex subunit 11 [Source:HGNC Symbol;Acc:HGNC:32687],MED11,protein_coding,ENSOARG00020024393,11,26502666,26550663,1,"proline, glutamate and leucine rich protein 1 [Source:HGNC Symbol;Acc:HGNC:30134]",PELP1,protein_coding,157,,,,,,,,,,,,,,,,,,,,,,,,,,,,,,,,,,,,
1102,ENSBTAG00000014693,19,27545778,27546951,1,transmembrane protein 88 [Source:VGNC Symbol;Acc:VGNC:36120],TMEM88,protein_coding,ENSBTAG00000014695,19,27546046,27571218,-1,"N-alpha-acetyltransferase 38, NatC auxiliary subunit [Source:VGNC Symbol;Acc:VGNC:55857]",NAA38,protein_coding,905,,,,,,,,,,,,,,,,,,,,,,,,,,,,,,,,,,,,,,,,,,,,,,,,,,,,,,,311,ENSOARG00020010194,11,27360808,27361792,1,transmembrane protein 88 [Source:HGNC Symbol;Acc:HGNC:32371],TMEM88,protein_coding,ENSOARG00020010108,11,27362399,27386178,-1,"N-alpha-acetyltransferase 38, NatC auxiliary subunit [Source:HGNC Symbol;Acc:HGNC:28212]",NAA38,protein_coding,607,,,,,,,,,,,,,,,,,,,,,,,,,,,,,,,,,,,,
1157,ENSBTAG00000019911,19,42827055,42828164,-1,cytochrome c oxidase assembly factor 3 [Source:VGNC Symbol;Acc:VGNC:27543],COA3,protein_coding,ENSBTAG00000019912,19,42828310,42837827,1,cyclin N-terminal domain containing 1 [Source:VGNC Symbol;Acc:VGNC:27533],CNTD1,protein_coding,146,847,ENSBMSG00010020173,20,21367675,21368875,-1,cytochrome c oxidase assembly factor 3 [Source:HGNC Symbol;Acc:HGNC:24990],COA3,protein_coding,ENSBMSG00010020189,20,21369027,21377741,1,cyclin N-terminal domain containing 1 [Source:HGNC Symbol;Acc:HGNC:26847],CNTD1,protein_coding,152,,,,,,,,,,,,,,,,,,,,,,,,,,,,,,,,,,,,,368,ENSOARG00020022706,11,42561531,42563127,-1,,,protein_coding,ENSOARG00020022636,11,42562800,42571951,1,cyclin N-terminal domain containing 1 [Source:HGNC Symbol;Acc:HGNC:26847],CNTD1,protein_coding,327,,,,,,,,,,,,,,,,,,,809,ENSCHYG00000012350,5,109876664,109877322,-1,cytochrome c oxidase assembly factor 3 [Source:HGNC Symbol;Acc:HGNC:24990],COA3,protein_coding,ENSCHYG00000012384,5,109877698,109885881,1,cyclin N-terminal domain containing 1 [Source:HGNC Symbol;Acc:HGNC:26847],CNTD1,protein_coding,376
1162,ENSBTAG00000022520,19,43069155,43140130,-1,BRCA1 DNA repair associated [Source:VGNC Symbol;Acc:VGNC:55781],BRCA1,protein_coding,ENSBTAG00000001632,19,43140344,43167810,1,NBR1 autophagy cargo receptor [Source:VGNC Symbol;Acc:VGNC:31896],NBR1,protein_coding,214,850,ENSBMSG00010013927,20,21556863,21618172,-1,BRCA1 DNA repair associated [Source:HGNC Symbol;Acc:HGNC:1100],BRCA1,protein_coding,ENSBMSG00010014195,20,21619118,21645394,1,NBR1 autophagy cargo receptor [Source:HGNC Symbol;Acc:HGNC:6746],NBR1,protein_coding,946,,,,,,,,,,,,,,,,,,,,,,,,,,,,,,,,,,,,,373,ENSOARG00020021029,11,42831953,42900203,-1,BRCA1 DNA repair associated [Source:HGNC Symbol;Acc:HGNC:1100],BRCA1,protein_coding,ENSOARG00020020810,11,42899515,42928371,1,NBR1 autophagy cargo receptor [Source:HGNC Symbol;Acc:HGNC:6746],NBR1,protein_coding,688,1089,ENSPSNG00000014034,20,39991410,40053580,-1,BRCA1 DNA repair associated [Source:NCBI gene (formerly Entrezgene);Acc:116745065],BRCA1,protein_coding,ENSPSNG00000014260,20,40053749,40080811,1,NBR1 autophagy cargo receptor [Source:NCBI gene (formerly Entrezgene);Acc:116745067],NBR1,protein_coding,169,,,,,,,,,,,,,,,,,,
1192,ENSBTAG00000018175,19,50123881,50146056,-1,hexosaminidase D [Source:VGNC Symbol;Acc:VGNC:55838],HEXD,protein_coding,ENSBTAG00000018172,19,50145753,50161356,1,2-oxoglutarate and iron dependent oxygenase domain containing 3 [Source:VGNC Symbol;Acc:VGNC:32410],OGFOD3,protein_coding,303,,,,,,,,,,,,,,,,,,,,,,,,,,,,,,,,,,,,,359,ENSCHIG00000019298,19,49688843,49705160,-1,hexosaminidase D [Source:HGNC Symbol;Acc:HGNC:26307],HEXD,protein_coding,ENSCHIG00000000593,19,49706083,49722443,1,2-oxoglutarate and iron dependent oxygenase domain containing 3 [Source:HGNC Symbol;Acc:HGNC:26174],OGFOD3,protein_coding,923,398,ENSOARG00020026083,11,49814885,49831799,-1,hexosaminidase D [Source:HGNC Symbol;Acc:HGNC:26307],HEXD,protein_coding,ENSOARG00020026077,11,49832081,49848551,1,2-oxoglutarate and iron dependent oxygenase domain containing 3 [Source:HGNC Symbol;Acc:HGNC:26174],OGFOD3,protein_coding,282,1106,ENSPSNG00000020963,20,46329596,46347844,-1,hexosaminidase D [Source:NCBI gene (formerly Entrezgene);Acc:116745096],HEXD,protein_coding,ENSPSNG00000021025,20,46347573,46367035,1,2-oxoglutarate and iron dependent oxygenase domain containing 3 [Source:NCBI gene (formerly Entrezgene);Acc:116745098],OGFOD3,protein_coding,271,826,ENSCHYG00000020278,5,116840513,116855655,-1,hexosaminidase D [Source:HGNC Symbol;Acc:HGNC:26307],HEXD,protein_coding,ENSCHYG00000020379,5,116855758,116872279,1,2-oxoglutarate and iron dependent oxygenase domain containing 3 [Source:HGNC Symbol;Acc:HGNC:26174],OGFOD3,protein_coding,103
1200,ENSBTAG00000000356,19,51148536,51154185,-1,coiled-coil domain containing 137 [Source:VGNC Symbol;Acc:VGNC:26849],CCDC137,protein_coding,ENSBTAG00000000355,19,51153830,51156611,1,oxidoreductase like domain containing 1 [Source:VGNC Symbol;Acc:VGNC:32511],OXLD1,protein_coding,355,,,,,,,,,,,,,,,,,,,,,,,,,,,,,,,,,,,,,366,ENSCHIG00000011693,19,50517444,50521861,-1,coiled-coil domain containing 137 [Source:HGNC Symbol;Acc:HGNC:33451],CCDC137,protein_coding,ENSCHIG00000016238,19,50522048,50523307,1,oxidoreductase like domain containing 1 [Source:HGNC Symbol;Acc:HGNC:27901],OXLD1,protein_coding,187,406,ENSOARG00020025104,11,50642360,50647934,-1,coiled-coil domain containing 137 [Source:HGNC Symbol;Acc:HGNC:33451],CCDC137,protein_coding,ENSOARG00020039876,11,50648046,50650346,1,oxidoreductase like domain containing 1 [Source:HGNC Symbol;Acc:HGNC:27901],OXLD1,protein_coding,112,1113,ENSPSNG00000014847,20,46963474,46969206,-1,coiled-coil domain containing 137 [Source:NCBI gene (formerly Entrezgene);Acc:116746105],CCDC137,protein_coding,ENSPSNG00000014909,20,46969376,46970813,1,oxidoreductase like domain containing 1 [Source:NCBI gene (formerly Entrezgene);Acc:116745785],OXLD1,protein_coding,170,831,ENSCHYG00000024590,5,117575834,117580122,-1,coiled-coil domain containing 137 [Source:HGNC Symbol;Acc:HGNC:33451],CCDC137,protein_coding,ENSCHYG00000005913,5,117579816,117581580,1,oxidoreductase like domain containing 1 [Source:HGNC Symbol;Acc:HGNC:27901],OXLD1,protein_coding,306
1202,ENSBTAG00000066259,19,51480913,51482856,-1,NADH:ubiquinone oxidoreductase complex assembly factor 8 [Source:HGNC Symbol;Acc:HGNC:33551],NDUFAF8,protein_coding,ENSBTAG00000019972,19,51482970,51494284,1,TEPSIN adaptor related protein complex 4 accessory protein [Source:VGNC Symbol;Acc:VGNC:35747],TEPSIN,protein_coding,114,,,,,,,,,,,,,,,,,,,,,,,,,,,,,,,,,,,,,367,ENSCHIG00000022280,19,50849781,50851439,-1,NADH:ubiquinone oxidoreductase complex assembly factor 8 [Source:HGNC Symbol;Acc:HGNC:33551],NDUFAF8,protein_coding,ENSCHIG00000016910,19,50851800,50861465,1,TEPSIN adaptor related protein complex 4 accessory protein [Source:HGNC Symbol;Acc:HGNC:26458],TEPSIN,protein_coding,361,408,ENSOARG00020023592,11,50975913,50978127,-1,NADH:ubiquinone oxidoreductase complex assembly factor 8 [Source:HGNC Symbol;Acc:HGNC:33551],NDUFAF8,protein_coding,ENSOARG00020023542,11,50977898,50989074,1,TEPSIN adaptor related protein complex 4 accessory protein [Source:HGNC Symbol;Acc:HGNC:26458],TEPSIN,protein_coding,229,,,,,,,,,,,,,,,,,,,,,,,,,,,,,,,,,,,,
1233,ENSBTAG00000011389,19,56576201,56647156,-1,transmembrane protein 104 [Source:VGNC Symbol;Acc:VGNC:55876],TMEM104,protein_coding,ENSBTAG00000053909,19,56647357,56652832,1,N-acetyltransferase 9 (putative) [Source:HGNC Symbol;Acc:HGNC:23133],NAT9,protein_coding,201,,,,,,,,,,,,,,,,,,,,,,,,,,,,,,,,,,,,,378,ENSCHIG00000015871,19,55787819,55840314,-1,transmembrane protein 104 [Source:HGNC Symbol;Acc:HGNC:25984],TMEM104,protein_coding,ENSCHIG00000026210,19,55840453,55844335,1,N-acetyltransferase 9 (putative) [Source:HGNC Symbol;Acc:HGNC:23133],NAT9,protein_coding,139,438,ENSOARG00020003723,11,55902837,55959111,-1,transmembrane protein 104 [Source:HGNC Symbol;Acc:HGNC:25984],TMEM104,protein_coding,ENSOARG00020003617,11,55959317,55965314,1,N-acetyltransferase 9 (putative) [Source:HGNC Symbol;Acc:HGNC:23133],NAT9,protein_coding,206,1139,ENSPSNG00000021121,20,52199741,52258233,-1,transmembrane protein 104 [Source:NCBI gene (formerly Entrezgene);Acc:116745796],TMEM104,protein_coding,ENSPSNG00000021176,20,52258393,52262667,1,N-acetyltransferase 9 (putative) [Source:HGNC Symbol;Acc:HGNC:23133],NAT9,protein_coding,160,846,ENSCHYG00000003299,5,122651608,122703810,-1,transmembrane protein 104 [Source:HGNC Symbol;Acc:HGNC:25984],TMEM104,protein_coding,ENSCHYG00000003325,5,122704224,122709398,1,N-acetyltransferase 9 (putative) [Source:HGNC Symbol;Acc:HGNC:23133],NAT9,protein_coding,414
1236,ENSBTAG00000006089,19,58083969,58095091,-1,mitochondrial nucleoid associated protein 1 [Source:VGNC Symbol;Acc:VGNC:52660],MTNAP1,protein_coding,ENSBTAG00000006088,19,58095731,58115440,1,VCP nuclear cofactor family member 1 [Source:VGNC Symbol;Acc:VGNC:55827],VCF1,protein_coding,640,,,,,,,,,,,,,,,,,,,,,,,,,,,,,,,,,,,,,,,,,,,,,,,,,,,,,,,441,ENSOARG00020025968,11,57283548,57293369,-1,chromosome 17 open reading frame 80 [Source:HGNC Symbol;Acc:HGNC:29601],C17orf80,protein_coding,ENSOARG00020025961,11,57293642,57310752,1,family with sequence similarity 104 member A [Source:HGNC Symbol;Acc:HGNC:25918],VCF1,protein_coding,273,1140,ENSPSNG00000021795,20,53371851,53385855,-1,chromosome 20 C17orf80 homolog [Source:NCBI gene (formerly Entrezgene);Acc:116746435],C17orf80,protein_coding,ENSPSNG00000021820,20,53386231,53402751,1,family with sequence similarity 104 member A [Source:NCBI gene (formerly Entrezgene);Acc:116746436],VCF1,protein_coding,376,847,ENSCHYG00000004074,5,123997040,124009335,-1,chromosome 17 open reading frame 80 [Source:HGNC Symbol;Acc:HGNC:29601],C17orf80,protein_coding,ENSCHYG00000004095,5,124009350,124024882,1,family with sequence similarity 104 member A [Source:HGNC Symbol;Acc:HGNC:25918],VCF1,protein_coding,15
1237,ENSBTAG00000006088,19,58095731,58115440,1,VCP nuclear cofactor family member 1 [Source:VGNC Symbol;Acc:VGNC:55827],VCF1,protein_coding,ENSBTAG00000006087,19,58114491,58127729,-1,component of oligomeric golgi complex 1 [Source:VGNC Symbol;Acc:VGNC:27546],COG1,protein_coding,949,,,,,,,,,,,,,,,,,,,,,,,,,,,,,,,,,,,,,,,,,,,,,,,,,,,,,,,,,,,,,,,,,,,,,,,,,,,,,,,,,,,,,,,,,,,848,ENSCHYG00000004095,5,124009350,124024882,1,family with sequence similarity 104 member A [Source:HGNC Symbol;Acc:HGNC:25918],VCF1,protein_coding,ENSCHYG00000004119,5,124025819,124038416,-1,component of oligomeric golgi complex 1 [Source:HGNC Symbol;Acc:HGNC:6545],COG1,protein_coding,937
1298,ENSBTAG00000003813,2,106619142,106623100,1,"BCS1 homolog, ubiquinol-cytochrome c reductase complex chaperone [Source:VGNC Symbol;Acc:VGNC:26456]",BCS1L,protein_coding,ENSBTAG00000003817,2,106623569,106632828,-1,ring finger protein 25 [Source:VGNC Symbol;Acc:VGNC:34060],RNF25,protein_coding,469,1186,ENSBMSG00010004770,7,94431435,94435292,1,"BCS1 homolog, ubiquinol-cytochrome c reductase complex chaperone [Source:HGNC Symbol;Acc:HGNC:1020]",BCS1L,protein_coding,ENSBMSG00010004780,7,94435745,94442194,-1,ring finger protein 25 [Source:HGNC Symbol;Acc:HGNC:14662],RNF25,protein_coding,453,,,,,,,,,,,,,,,,,,,,,,,,,,,,,,,,,,,,,1310,ENSOARG00020008102,2,220630719,220634703,1,"BCS1 homolog, ubiquinol-cytochrome c reductase complex chaperone [Source:HGNC Symbol;Acc:HGNC:1020]",BCS1L,protein_coding,ENSOARG00020008163,2,220635153,220643358,-1,ring finger protein 25 [Source:HGNC Symbol;Acc:HGNC:14662],RNF25,protein_coding,450,,,,,,,,,,,,,,,,,,,,,,,,,,,,,,,,,,,,
1319,ENSBTAG00000018067,2,120817208,120848832,-1,S100P binding protein [Source:VGNC Symbol;Acc:VGNC:34250],S100PBP,protein_coding,ENSBTAG00000018065,2,120849154,120881261,1,tyrosyl-tRNA synthetase 1 [Source:VGNC Symbol;Acc:VGNC:37015],YARS1,protein_coding,322,,,,,,,,,,,,,,,,,,,,,,,,,,,,,,,,,,,,,,,,,,,,,,,,,,,,,,,1335,ENSOARG00020019600,2,234802567,234835759,-1,S100P binding protein [Source:HGNC Symbol;Acc:HGNC:25768],S100PBP,protein_coding,ENSOARG00020019649,2,234835990,234867501,1,tyrosyl-tRNA synthetase 1 [Source:HGNC Symbol;Acc:HGNC:12840],YARS1,protein_coding,231,,,,,,,,,,,,,,,,,,,,,,,,,,,,,,,,,,,,
1355,ENSBTAG00000011951,2,133405836,133411304,-1,"MRT4 homolog, ribosome maturation factor [Source:VGNC Symbol;Acc:VGNC:31680]",MRTO4,protein_coding,ENSBTAG00000011950,2,133411423,133445611,1,ER membrane protein complex subunit 1 [Source:VGNC Symbol;Acc:VGNC:28461],EMC1,protein_coding,119,,,,,,,,,,,,,,,,,,,,,,,,,,,,,,,,,,,,,,,,,,,,,,,,,,,,,,,1366,ENSOARG00020007719,2,247096778,247102273,-1,"MRT4 homolog, ribosome maturation factor [Source:HGNC Symbol;Acc:HGNC:18477]",MRTO4,protein_coding,ENSOARG00020007774,2,247102323,247127410,1,ER membrane protein complex subunit 1 [Source:HGNC Symbol;Acc:HGNC:28957],EMC1,protein_coding,50,,,,,,,,,,,,,,,,,,,,,,,,,,,,,,,,,,,,
1374,ENSBTAG00000014675,20,9254758,9286706,-1,pentatricopeptide repeat domain 2 [Source:VGNC Symbol;Acc:VGNC:33490],PTCD2,protein_coding,ENSBTAG00000001962,20,9286275,9397042,1,mitochondrial ribosomal protein S27 [Source:VGNC Symbol;Acc:VGNC:31667],MRPS27,protein_coding,431,,,,,,,,,,,,,,,,,,,,,,,,,,,,,,,,,,,,,404,ENSCHIG00000017118,20,9263695,9298287,-1,pentatricopeptide repeat domain 2 [Source:HGNC Symbol;Acc:HGNC:25734],PTCD2,protein_coding,ENSCHIG00000024940,20,9297653,9398535,1,mitochondrial ribosomal protein S27 [Source:HGNC Symbol;Acc:HGNC:14512],MRPS27,protein_coding,634,886,ENSOARG00020023141,16,9375491,9407182,-1,pentatricopeptide repeat domain 2 [Source:HGNC Symbol;Acc:HGNC:25734],PTCD2,protein_coding,ENSOARG00020023220,16,9407193,9517057,1,mitochondrial ribosomal protein S27 [Source:HGNC Symbol;Acc:HGNC:14512],MRPS27,protein_coding,11,1281,ENSPSNG00000007260,3,116624438,116652553,-1,pentatricopeptide repeat domain 2 [Source:NCBI gene (formerly Entrezgene);Acc:116752333],PTCD2,protein_coding,ENSPSNG00000007388,3,116652602,116743257,1,mitochondrial ribosomal protein S27 [Source:NCBI gene (formerly Entrezgene);Acc:116750470],MRPS27,protein_coding,49,,,,,,,,,,,,,,,,,,
1375,ENSBTAG00000002073,20,10341517,10375453,-1,RAD17 checkpoint clamp loader component [Source:VGNC Symbol;Acc:VGNC:33678],RAD17,protein_coding,ENSBTAG00000046192,20,10375638,10389675,1,adenylate kinase 6 [Source:VGNC Symbol;Acc:VGNC:25775],AK6,protein_coding,185,,,,,,,,,,,,,,,,,,,,,,,,,,,,,,,,,,,,,405,ENSCHIG00000020796,20,10350197,10385195,-1,RAD17 checkpoint clamp loader component [Source:HGNC Symbol;Acc:HGNC:9807],RAD17,protein_coding,ENSCHIG00000017952,20,10385639,10399486,1,adenylate kinase 6 [Source:HGNC Symbol;Acc:HGNC:49151],AK6,protein_coding,444,888,ENSOARG00020003355,16,10458663,10494855,-1,RAD17 checkpoint clamp loader component [Source:HGNC Symbol;Acc:HGNC:9807],RAD17,protein_coding,ENSOARG00020003479,16,10494436,10508828,1,adenylate kinase 6 [Source:HGNC Symbol;Acc:HGNC:49151],AK6,protein_coding,419,,,,,,,,,,,,,,,,,,,,,,,,,,,,,,,,,,,,
1392,ENSBTAG00000033095,20,36690359,36974107,-1,WD repeat domain 70 [Source:VGNC Symbol;Acc:VGNC:36915],WDR70,protein_coding,ENSBTAG00000002458,20,36974218,37024151,1,nucleoporin 155 [Source:VGNC Symbol;Acc:VGNC:32352],NUP155,protein_coding,111,,,,,,,,,,,,,,,,,,,,,,,,,,,,,,,,,,,,,410,ENSCHIG00000012219,20,36678389,36953641,-1,WD repeat domain 70 [Source:HGNC Symbol;Acc:HGNC:25495],WDR70,protein_coding,ENSCHIG00000016985,20,36954547,37005488,1,nucleoporin 155 [Source:HGNC Symbol;Acc:HGNC:8063],NUP155,protein_coding,906,,,,,,,,,,,,,,,,,,,,,,,,,,,,,,,,,,,,,,,,,,,,,,,,,,,,,,
1395,ENSBTAG00000019211,20,39218959,39227844,-1,biosis of ribosomes BRX1 [Source:VGNC Symbol;Acc:VGNC:26569],BRIX1,protein_coding,ENSBTAG00000019209,20,39227867,39236701,1,RAD1 checkpoint DNA exonuclease [Source:VGNC Symbol;Acc:VGNC:33677],RAD1,protein_coding,23,,,,,,,,,,,,,,,,,,,,,,,,,,,,,,,,,,,,,,,,,,,,,,,,,,,,,,,,,,,,,,,,,,,,,,,,,1293,ENSPSNG00000005692,3,145139782,145148180,-1,biogenesis of ribosomes BRX1 [Source:NCBI gene (formerly Entrezgene);Acc:116752111],BRIX1,protein_coding,ENSPSNG00000005726,3,145148289,145156555,1,RAD1 checkpoint DNA exonuclease [Source:NCBI gene (formerly Entrezgene);Acc:116752260],RAD1,protein_coding,109,,,,,,,,,,,,,,,,,,
1406,ENSBTAG00000046019,20,71804565,71827899,-1,succinate dehydrogenase complex flavoprotein subunit A [Source:VGNC Symbol;Acc:VGNC:34388],SDHA,protein_coding,ENSBTAG00000047780,20,71828109,71843714,1,coiled-coil domain containing 127 [Source:VGNC Symbol;Acc:VGNC:26843],CCDC127,protein_coding,210,,,,,,,,,,,,,,,,,,,,,,,,,,,,,,,,,,,,,419,ENSCHIG00000017916,20,71719671,71741367,-1,succinate dehydrogenase complex flavoprotein subunit A [Source:HGNC Symbol;Acc:HGNC:10680],SDHA,protein_coding,ENSCHIG00000024092,20,71741366,71752296,1,coiled-coil domain containing 127 [Source:HGNC Symbol;Acc:HGNC:30520],CCDC127,protein_coding,1,913,ENSOARG00020036938,16,71849617,71871572,-1,succinate dehydrogenase complex flavoprotein subunit A [Source:HGNC Symbol;Acc:HGNC:10680],SDHA,protein_coding,ENSOARG00020014783,16,71871742,71884413,1,coiled-coil domain containing 127 [Source:HGNC Symbol;Acc:HGNC:30520],CCDC127,protein_coding,170,1302,ENSPSNG00000003340,3,174103657,174125486,-1,succinate dehydrogenase complex flavoprotein subunit A [Source:HGNC Symbol;Acc:HGNC:10680],SDHA,protein_coding,ENSPSNG00000003775,3,174125597,174139065,1,coiled-coil domain containing 127 [Source:NCBI gene (formerly Entrezgene);Acc:116752072],CCDC127,protein_coding,111,,,,,,,,,,,,,,,,,,
1442,ENSBTAG00000009681,21,45369633,45395978,-1,protein phosphatase 2 regulatory subunit B''gamma [Source:VGNC Symbol;Acc:VGNC:33259],PPP2R3C,protein_coding,ENSBTAG00000009682,21,45395476,45528538,1,protein only RNase P catalytic subunit [Source:VGNC Symbol;Acc:VGNC:55893],PRORP,protein_coding,502,770,ENSBMSG00010000349,2,112575557,112599541,-1,protein phosphatase 2 regulatory subunit B''gamma [Source:HGNC Symbol;Acc:HGNC:17485],PPP2R3C,protein_coding,ENSBMSG00010000430,2,112600070,112724941,1,protein only RNase P catalytic subunit [Source:HGNC Symbol;Acc:HGNC:19958],PRORP,protein_coding,529,,,,,,,,,,,,,,,,,,,428,ENSCHIG00000015062,21,44779737,44805611,-1,protein phosphatase 2 regulatory subunit B''gamma [Source:HGNC Symbol;Acc:HGNC:17485],PPP2R3C,protein_coding,ENSCHIG00000026248,21,44806146,44941998,1,protein only RNase P catalytic subunit [Source:HGNC Symbol;Acc:HGNC:19958],PRORP,protein_coding,535,1061,ENSOARG00020006825,18,43121311,43149845,-1,protein phosphatase 2 regulatory subunit B''gamma [Source:HGNC Symbol;Acc:HGNC:17485],PPP2R3C,protein_coding,ENSOARG00020006992,18,43149841,43288079,1,protein only RNase P catalytic subunit [Source:HGNC Symbol;Acc:HGNC:19958],PRORP,protein_coding,4,958,ENSPSNG00000019237,2,114063329,114088998,-1,protein phosphatase 2 regulatory subunit B''gamma [Source:NCBI gene (formerly Entrezgene);Acc:116748480],PPP2R3C,protein_coding,ENSPSNG00000019340,2,114089070,114217914,1,protein only RNase P catalytic subunit [Source:NCBI gene (formerly Entrezgene);Acc:116748478],PRORP,protein_coding,72,258,ENSCHYG00000006920,13,45790453,45814488,-1,protein phosphatase 2 regulatory subunit B''gamma [Source:HGNC Symbol;Acc:HGNC:17485],PPP2R3C,protein_coding,ENSCHYG00000007053,13,45814433,45974924,1,protein only RNase P catalytic subunit [Source:HGNC Symbol;Acc:HGNC:19958],PRORP,protein_coding,55
1452,ENSBTAG00000017213,21,55423130,55434494,-1,microfibril associated protein 1 [Source:VGNC Symbol;Acc:VGNC:31421],MFAP1,protein_coding,ENSBTAG00000017215,21,55434906,55488550,1,WD repeat domain 76 [Source:VGNC Symbol;Acc:VGNC:36920],WDR76,protein_coding,412,,,,,,,,,,,,,,,,,,,,,,,,,,,,,,,,,,,,,,,,,,,,,,,,,,,,,,,1074,ENSOARG00020010495,18,53255386,53268121,-1,microfibril associated protein 1 [Source:HGNC Symbol;Acc:HGNC:7032],MFAP1,protein_coding,ENSOARG00020010574,18,53268223,53319468,1,WD repeat domain 76 [Source:HGNC Symbol;Acc:HGNC:25773],WDR76,protein_coding,102,,,,,,,,,,,,,,,,,,,,,,,,,,,,,,,,,,,,
1456,ENSBTAG00000046990,21,57823069,57830906,-1,GON7 subunit of KEOPS complex [Source:VGNC Symbol;Acc:VGNC:29496],GON7,protein_coding,ENSBTAG00000004310,21,57831036,57847913,1,ubiquitin protein ligase E3 component n-recognin 7 [Source:VGNC Symbol;Acc:VGNC:54252],UBR7,protein_coding,130,795,ENSBMSG00010001165,2,164907520,164910847,-1,GON7 subunit of KEOPS complex [Source:HGNC Symbol;Acc:HGNC:20356],GON7,protein_coding,ENSBMSG00010001175,2,164911010,164927341,1,ubiquitin protein ligase E3 component n-recognin 7 [Source:HGNC Symbol;Acc:HGNC:20344],UBR7,protein_coding,163,263,ENSBGRG00000020725,17,62259112,62267038,-1,GON7 subunit of KEOPS complex [Source:HGNC Symbol;Acc:HGNC:20356],GON7,protein_coding,ENSBGRG00000020761,17,62267293,62285893,1,ubiquitin protein ligase E3 component n-recognin 7 [Source:HGNC Symbol;Acc:HGNC:20344],UBR7,protein_coding,255,,,,,,,,,,,,,,,,,,,,,,,,,,,,,,,,,,,,,994,ENSPSNG00000000962,2,167147852,167152019,-1,GON7 subunit of KEOPS complex [Source:NCBI gene (formerly Entrezgene);Acc:116749454],GON7,protein_coding,ENSPSNG00000000999,2,167152211,167168739,1,ubiquitin protein ligase E3 component n-recognin 7 [Source:NCBI gene (formerly Entrezgene);Acc:116749453],UBR7,protein_coding,192,264,ENSCHYG00000018666,13,57444114,57450716,-1,GON7 subunit of KEOPS complex [Source:HGNC Symbol;Acc:HGNC:20356],GON7,protein_coding,ENSCHYG00000018724,13,57450971,57466423,1,ubiquitin protein ligase E3 component n-recognin 7 [Source:HGNC Symbol;Acc:HGNC:20344],UBR7,protein_coding,255
1541,ENSBTAG00000007363,22,58028305,58040013,-1,"LSM3 homolog, U6 small nuclear RNA and mRNA degradation associated [Source:VGNC Symbol;Acc:VGNC:31055]",LSM3,protein_coding,ENSBTAG00000007362,22,58040021,58063235,1,"XPC complex subunit, DNA damage recognition and repair factor [Source:VGNC Symbol;Acc:VGNC:36993]",XPC,protein_coding,8,297,ENSBMSG00010011411,11,100861597,100871340,-1,"LSM3 homolog, U6 small nuclear RNA and mRNA degradation associated [Source:HGNC Symbol;Acc:HGNC:17874]",LSM3,protein_coding,ENSBMSG00010011503,11,100871261,100905281,1,"XPC complex subunit, DNA damage recognition and repair factor [Source:HGNC Symbol;Acc:HGNC:12816]",XPC,protein_coding,79,,,,,,,,,,,,,,,,,,,,,,,,,,,,,,,,,,,,,,,,,,,,,,,,,,,,,,,,,,,,,,,,,,,,,,,,,,,,,,,,,,,,,,,,,,
1542,ENSBTAG00000007360,22,58064573,58085356,-1,transmembrane protein 43 [Source:VGNC Symbol;Acc:VGNC:99679],TMEM43,protein_coding,ENSBTAG00000015529,22,58085451,58092161,1,coiled-coil-helix-coiled-coil-helix domain containing 4 [Source:VGNC Symbol;Acc:VGNC:27273],CHCHD4,protein_coding,95,,,,,,,,,,,,,,,,,,,,,,,,,,,,,,,,,,,,,457,ENSCHIG00000020802,22,58000420,58019628,-1,transmembrane protein 43 [Source:HGNC Symbol;Acc:HGNC:28472],TMEM43,protein_coding,ENSCHIG00000018477,22,58020133,58025250,1,coiled-coil-helix-coiled-coil-helix domain containing 4 [Source:HGNC Symbol;Acc:HGNC:26467],CHCHD4,protein_coding,505,1172,ENSOARG00020025957,19,57988460,58008121,-1,transmembrane protein 43 [Source:HGNC Symbol;Acc:HGNC:28472],TMEM43,protein_coding,ENSOARG00020035149,19,58008279,58014305,1,coiled-coil-helix-coiled-coil-helix domain containing 4 [Source:HGNC Symbol;Acc:HGNC:26467],CHCHD4,protein_coding,158,,,,,,,,,,,,,,,,,,,,,,,,,,,,,,,,,,,,
1575,ENSBTAG00000003535,3,15462231,15462806,1,"dolichyl-phosphate mannosyltransferase subunit 3, regulatory [Source:VGNC Symbol;Acc:VGNC:28185]",DPM3,protein_coding,ENSBTAG00000003083,3,15462428,15465987,-1,solute carrier family 50 member 1 [Source:VGNC Symbol;Acc:VGNC:34899],SLC50A1,protein_coding,378,,,,,,,,,,,,,,,,,,,,,,,,,,,,,,,,,,,,,,,,,,,,,,,,,,,,,,,,,,,,,,,,,,,,,,,,,,,,,,,,,,,,,,,,,,,479,ENSCHYG00000006565,20,12064559,12064837,1,"dolichyl-phosphate mannosyltransferase subunit 3, regulatory [Source:HGNC Symbol;Acc:HGNC:3007]",DPM3,protein_coding,ENSCHYG00000006585,20,12065317,12067662,-1,solute carrier family 50 member 1 [Source:HGNC Symbol;Acc:HGNC:30657],SLC50A1,protein_coding,480
161,ENSBTAG00000031981,10,37869708,37875308,-1,leucine rich repeat containing 57 [Source:VGNC Symbol;Acc:VGNC:55121],LRRC57,protein_coding,ENSBTAG00000005663,10,37874970,37888393,1,HAUS augmin like complex subunit 2 [Source:VGNC Symbol;Acc:VGNC:29758],HAUS2,protein_coding,338,,,,,,,,,,,,,,,,,,,,,,,,,,,,,,,,,,,,,,,,,,,,,,,,,,,,,,,2459,ENSOARG00020016995,7,36095707,36102077,-1,leucine rich repeat containing 57 [Source:HGNC Symbol;Acc:HGNC:26719],LRRC57,protein_coding,ENSOARG00020017073,7,36101874,36114080,1,HAUS augmin like complex subunit 2 [Source:HGNC Symbol;Acc:HGNC:25530],HAUS2,protein_coding,203,,,,,,,,,,,,,,,,,,,220,ENSCHYG00000018114,12,33514675,33525012,-1,leucine rich repeat containing 57 [Source:HGNC Symbol;Acc:HGNC:26719],LRRC57,protein_coding,ENSCHYG00000018259,12,33525072,33537085,1,HAUS augmin like complex subunit 2 [Source:HGNC Symbol;Acc:HGNC:25530],HAUS2,protein_coding,60
1623,ENSBTAG00000015781,3,43120392,43140707,-1,tRNA methyltransferase 13 homolog [Source:VGNC Symbol;Acc:VGNC:36370],TRMT13,protein_coding,ENSBTAG00000015778,3,43140507,43181017,1,SAS-6 centriolar assembly protein [Source:VGNC Symbol;Acc:VGNC:34295],SASS6,protein_coding,200,,,,,,,,,,,,,,,,,,,,,,,,,,,,,,,,,,,,,,,,,,,,,,,,,,,,,,,,,,,,,,,,,,,,,,,,,,,,,,,,,,,,,,,,,,,502,ENSCHYG00000013026,20,37821027,37839013,-1,tRNA methyltransferase 13 homolog [Source:HGNC Symbol;Acc:HGNC:25502],TRMT13,protein_coding,ENSCHYG00000013179,20,37839034,37876637,1,SAS-6 centriolar assembly protein [Source:HGNC Symbol;Acc:HGNC:25403],SASS6,protein_coding,21
1682,ENSBTAG00000045776,3,108107086,108109255,-1,chromosome 3 C1orf122 homolog [Source:VGNC Symbol;Acc:VGNC:52707],C3H1orf122,protein_coding,ENSBTAG00000006510,3,108108908,108112891,1,yrdC N6-threonylcarbamoyltransferase domain containing [Source:VGNC Symbol;Acc:VGNC:37038],YRDC,protein_coding,347,,,,,,,,,,,,,,,,,,,622,ENSBGRG00000005887,3,117968366,117969051,-1,chromosome 1 open reading frame 122 [Source:HGNC Symbol;Acc:HGNC:24789],C1orf122,protein_coding,ENSBGRG00000005914,3,117969284,117975526,1,yrdC N6-threonylcarbamoyltransferase domain containing [Source:HGNC Symbol;Acc:HGNC:28905],YRDC,protein_coding,233,,,,,,,,,,,,,,,,,,,,,,,,,,,,,,,,,,,,,,,,,,,,,,,,,,,,,,,,,,,,,,,,,,,,,,,,
1684,ENSBTAG00000014326,3,108198139,108213202,-1,cell division cycle associated 8 [Source:VGNC Symbol;Acc:VGNC:27088],CDCA8,protein_coding,ENSBTAG00000014325,3,108213409,108221667,1,AFG2 interacting ribosome maturation factor [Source:VGNC Symbol;Acc:VGNC:52706],AIRIM,protein_coding,207,,,,,,,,,,,,,,,,,,,624,ENSBGRG00000006243,3,118073481,118089473,-1,cell division cycle associated 8 [Source:HGNC Symbol;Acc:HGNC:14629],CDCA8,protein_coding,ENSBGRG00000006278,3,118089638,118095645,1,chromosome 1 open reading frame 109 [Source:HGNC Symbol;Acc:HGNC:26039],AIRIM,protein_coding,165,,,,,,,,,,,,,,,,,,,,,,,,,,,,,,,,,,,,,,,,,,,,,,,,,,,,,,,530,ENSCHYG00000026822,20,102183733,102198226,-1,cell division cycle associated 8 [Source:HGNC Symbol;Acc:HGNC:14629],CDCA8,protein_coding,ENSCHYG00000026846,20,102199095,102206136,1,chromosome 1 open reading frame 109 [Source:HGNC Symbol;Acc:HGNC:26039],AIRIM,protein_coding,869
1713,ENSBTAG00000013168,4,15692491,15695690,-1,replication protein A3 [Source:VGNC Symbol;Acc:VGNC:34096],RPA3,protein_coding,ENSBTAG00000047004,4,15695975,15991557,1,UBAP1-MVB12-associated (UMA) domain containing 1 [Source:VGNC Symbol;Acc:VGNC:107233],UMAD1,protein_coding,285,1315,ENSBMSG00010010396,9,62580608,62583820,-1,replication protein A3 [Source:HGNC Symbol;Acc:HGNC:10291],RPA3,protein_coding,ENSBMSG00010010406,9,62584103,62820928,1,UBAP1-MVB12-associated (UMA) domain containing 1 [Source:HGNC Symbol;Acc:HGNC:48955],UMAD1,protein_coding,283,,,,,,,,,,,,,,,,,,,,,,,,,,,,,,,,,,,,,,,,,,,,,,,,,,,,,,,1652,ENSPSNG00000006394,9,61839946,61843131,-1,replication protein A3 [Source:NCBI gene (formerly Entrezgene);Acc:116759187],RPA3,protein_coding,ENSPSNG00000006522,9,61843287,62210295,1,UBAP1-MVB12-associated (UMA) domain containing 1 [Source:NCBI gene (formerly Entrezgene);Acc:116759186],UMAD1,protein_coding,156,354,ENSCHYG00000005704,18,14260877,14264094,-1,replication protein A3 [Source:HGNC Symbol;Acc:HGNC:10291],RPA3,protein_coding,ENSCHYG00000005763,18,14264097,14546509,1,,,protein_coding,3
1845,ENSBTAG00000021660,5,62757513,62781790,-1,IKBKB interacting protein [Source:VGNC Symbol;Acc:VGNC:56209],IKBIP,protein_coding,ENSBTAG00000021661,5,62782239,62869061,1,apoptotic peptidase activating factor 1 [Source:VGNC Symbol;Acc:VGNC:25999],APAF1,protein_coding,449,179,ENSBMSG00010009856,10,81784559,81796563,-1,IKBKB interacting protein [Source:HGNC Symbol;Acc:HGNC:26430],IKBIP,protein_coding,ENSBMSG00010009889,10,81797089,81887680,1,apoptotic peptidase activating factor 1 [Source:HGNC Symbol;Acc:HGNC:576],APAF1,protein_coding,526,,,,,,,,,,,,,,,,,,,,,,,,,,,,,,,,,,,,,2074,ENSOARG00020011666,3,168331065,168357319,-1,IKBKB interacting protein [Source:HGNC Symbol;Acc:HGNC:26430],IKBIP,protein_coding,ENSOARG00020011843,3,168357637,168439798,1,apoptotic peptidase activating factor 1 [Source:HGNC Symbol;Acc:HGNC:576],APAF1,protein_coding,318,,,,,,,,,,,,,,,,,,,558,ENSCHYG00000019783,22,3863209,3885263,-1,IKBKB interacting protein [Source:HGNC Symbol;Acc:HGNC:26430],IKBIP,protein_coding,ENSCHYG00000019906,22,3885575,3967569,1,apoptotic peptidase activating factor 1 [Source:HGNC Symbol;Acc:HGNC:576],APAF1,protein_coding,312
1860,ENSBTAG00000026624,5,84792354,84799244,-1,electron transfer flavoprotein regulatory factor 1 [Source:VGNC Symbol;Acc:VGNC:28622],ETFRF1,protein_coding,ENSBTAG00000002972,5,84799472,84887228,1,dynein axonemal intermediate chain 7 [Source:VGNC Symbol;Acc:VGNC:99768],DNAI7,protein_coding,228,,,,,,,,,,,,,,,,,,,,,,,,,,,,,,,,,,,,,,,,,,,,,,,,,,,,,,,2090,ENSOARG00020039732,3,190414050,190425446,-1,electron transfer flavoprotein regulatory factor 1 [Source:HGNC Symbol;Acc:HGNC:27052],ETFRF1,protein_coding,ENSOARG00020003767,3,190425418,190515035,1,dynein axonemal intermediate chain 7 [Source:HGNC Symbol;Acc:HGNC:29599],CASC1,protein_coding,28,236,ENSPSNG00000007433,10,82729840,82736686,-1,electron transfer flavoprotein regulatory factor 1 [Source:NCBI gene (formerly Entrezgene);Acc:116760327],ETFRF1,protein_coding,ENSPSNG00000007486,10,82736812,82812539,1,cancer susceptibility 1 [Source:NCBI gene (formerly Entrezgene);Acc:116760036],DNAI7,protein_coding,126,,,,,,,,,,,,,,,,,,
187,ENSBTAG00000013042,10,69619265,69671092,-1,exocyst complex component 5 [Source:VGNC Symbol;Acc:VGNC:28649],EXOC5,protein_coding,ENSBTAG00000013043,10,69671251,69693761,1,adaptor related protein complex 5 subunit mu 1 [Source:VGNC Symbol;Acc:VGNC:25996],AP5M1,protein_coding,159,,,,,,,,,,,,,,,,,,,79,ENSBGRG00000005408,11,58432021,58484148,-1,exocyst complex component 5 [Source:HGNC Symbol;Acc:HGNC:10696],EXOC5,protein_coding,ENSBGRG00000005692,11,58484794,58507148,1,adaptor related protein complex 5 subunit mu 1 [Source:HGNC Symbol;Acc:HGNC:20192],AP5M1,protein_coding,646,,,,,,,,,,,,,,,,,,,2483,ENSOARG00020019509,7,67666289,67716933,-1,exocyst complex component 5 [Source:HGNC Symbol;Acc:HGNC:10696],EXOC5,protein_coding,ENSOARG00020020008,7,67717006,67740716,1,adaptor related protein complex 5 subunit mu 1 [Source:HGNC Symbol;Acc:HGNC:20192],AP5M1,protein_coding,73,969,ENSPSNG00000007938,2,134235184,134286088,-1,exocyst complex component 5 [Source:NCBI gene (formerly Entrezgene);Acc:116748350],EXOC5,protein_coding,ENSPSNG00000008044,2,134286256,134310910,1,adaptor related protein complex 5 subunit mu 1 [Source:NCBI gene (formerly Entrezgene);Acc:116748351],AP5M1,protein_coding,168,230,ENSCHYG00000006373,12,63260958,63311760,-1,exocyst complex component 5 [Source:HGNC Symbol;Acc:HGNC:10696],EXOC5,protein_coding,ENSCHYG00000006463,12,63311781,63332116,1,adaptor related protein complex 5 subunit mu 1 [Source:HGNC Symbol;Acc:HGNC:20192],AP5M1,protein_coding,21
1907,ENSBTAG00000006104,5,112734331,112748042,-1,small nuclear ribonucleoprotein 13 [Source:VGNC Symbol;Acc:VGNC:35087],SNU13,protein_coding,ENSBTAG00000062866,5,112748134,112752950,1,,,protein_coding,92,,,,,,,,,,,,,,,,,,,,,,,,,,,,,,,,,,,,,,,,,,,,,,,,,,,,,,,2131,ENSOARG00020024631,3,218555909,218570945,-1,,SNU13,protein_coding,ENSOARG00020039078,3,218570616,218577774,1,,,protein_coding,329,,,,,,,,,,,,,,,,,,,,,,,,,,,,,,,,,,,,
192,ENSBTAG00000010503,10,70683493,70699660,-1,translocase of inner mitochondrial membrane 9 [Source:VGNC Symbol;Acc:VGNC:55149],TIMM9,protein_coding,ENSBTAG00000004631,10,70698822,70864409,1,KIAA0586 [Source:VGNC Symbol;Acc:VGNC:30554],KIAA0586,protein_coding,838,,,,,,,,,,,,,,,,,,,,,,,,,,,,,,,,,,,,,,,,,,,,,,,,,,,,,,,2486,ENSOARG00020007740,7,68734488,68749113,-1,,,protein_coding,ENSOARG00020007804,7,68749627,68888738,1,KIAA0586 [Source:HGNC Symbol;Acc:HGNC:19960],KIAA0586,protein_coding,514,,,,,,,,,,,,,,,,,,,,,,,,,,,,,,,,,,,,
194,ENSBTAG00000003371,10,71759930,71782133,1,JNK1/MAPK8 associated membrane protein [Source:VGNC Symbol;Acc:VGNC:30375],JKAMP,protein_coding,ENSBTAG00000011451,10,71782760,71856100,-1,reticulon 1 [Source:VGNC Symbol;Acc:VGNC:34203],RTN1,protein_coding,627,778,ENSBMSG00010007274,2,134476991,134497316,1,JNK1/MAPK8 associated membrane protein [Source:HGNC Symbol;Acc:HGNC:20184],JKAMP,protein_coding,ENSBMSG00010007322,2,134496809,134566342,-1,coiled-coil domain containing 175 [Source:HGNC Symbol;Acc:HGNC:19847],CCDC175,protein_coding,507,82,ENSBGRG00000006967,11,60781420,60804346,1,JNK1/MAPK8 associated membrane protein [Source:HGNC Symbol;Acc:HGNC:20184],JKAMP,protein_coding,ENSBGRG00000007149,11,60804836,60883734,-1,coiled-coil domain containing 175 [Source:HGNC Symbol;Acc:HGNC:19847],CCDC175,protein_coding,490,,,,,,,,,,,,,,,,,,,2487,ENSOARG00020008977,7,69808275,69827085,1,JNK1/MAPK8 associated membrane protein [Source:HGNC Symbol;Acc:HGNC:20184],JKAMP,protein_coding,ENSOARG00020009081,7,69826799,69906661,-1,coiled-coil domain containing 175 [Source:HGNC Symbol;Acc:HGNC:19847],CCDC175,protein_coding,286,972,ENSPSNG00000009382,2,136298671,136318122,1,JNK1/MAPK8 associated membrane protein [Source:NCBI gene (formerly Entrezgene);Acc:116749294],JKAMP,protein_coding,ENSPSNG00000009510,2,136317617,136400565,-1,coiled-coil domain containing 175 [Source:HGNC Symbol;Acc:HGNC:19847],CCDC175,protein_coding,505,,,,,,,,,,,,,,,,,,
1944,ENSBTAG00000013927,6,19301432,19453018,-1,glutathione S-transferase C-terminal domain containing [Source:VGNC Symbol;Acc:VGNC:29684],GSTCD,protein_coding,ENSBTAG00000033648,6,19452815,19477589,1,integrator complex subunit 12 [Source:VGNC Symbol;Acc:VGNC:30225],INTS12,protein_coding,203,,,,,,,,,,,,,,,,,,,,,,,,,,,,,,,,,,,,,,,,,,,,,,,,,,,,,,,,,,,,,,,,,,,,,,,,,1368,ENSPSNG00000006855,5,34013761,34148085,-1,glutathione S-transferase C-terminal domain containing [Source:NCBI gene (formerly Entrezgene);Acc:116754739],GSTCD,protein_coding,ENSPSNG00000006928,5,34148193,34177566,1,integrator complex subunit 12 [Source:NCBI gene (formerly Entrezgene);Acc:116754555],INTS12,protein_coding,108,,,,,,,,,,,,,,,,,,
2,ENSBTAG00000035175,1,1943576,1954029,1,DNA replication fork stabilization factor DONSON [Source:VGNC Symbol;Acc:VGNC:56216],DONSON,protein_coding,ENSBTAG00000008482,1,1954163,1985267,-1,SON DNA and RNA binding protein [Source:VGNC Symbol;Acc:VGNC:35128],SON,protein_coding,134,,,,,,,,,,,,,,,,,,,,,,,,,,,,,,,,,,,,,,,,,,,,,,,,,,,,,,,144,ENSOARG00020005914,1,122592009,122602998,1,DNA replication fork stabilization factor DONSON [Source:HGNC Symbol;Acc:HGNC:2993],DONSON,protein_coding,ENSOARG00020006185,1,122602838,122633961,-1,SON DNA and RNA binding protein [Source:HGNC Symbol;Acc:HGNC:11183],SON,protein_coding,160,,,,,,,,,,,,,,,,,,,,,,,,,,,,,,,,,,,,
2004,ENSBTAG00000015602,7,1417994,1435525,1,MRN complex interacting protein [Source:VGNC Symbol;Acc:VGNC:52861],MRNIP,protein_coding,ENSBTAG00000015591,7,1435182,1446957,-1,sequestosome 1 [Source:VGNC Symbol;Acc:VGNC:35265],SQSTM1,protein_coding,343,976,ENSBMSG00010008305,3,153004688,153022652,1,MRN complex interacting protein [Source:HGNC Symbol;Acc:HGNC:30817],MRNIP,protein_coding,ENSBMSG00010008322,3,153022663,153034910,-1,sequestosome 1 [Source:HGNC Symbol;Acc:HGNC:11280],SQSTM1,protein_coding,11,,,,,,,,,,,,,,,,,,,,,,,,,,,,,,,,,,,,,2198,ENSOARG00020013856,5,1178417,1195455,1,MRN complex interacting protein [Source:HGNC Symbol;Acc:HGNC:30817],MRNIP,protein_coding,ENSOARG00020014013,5,1195072,1206587,-1,sequestosome 1 [Source:HGNC Symbol;Acc:HGNC:11280],SQSTM1,protein_coding,383,,,,,,,,,,,,,,,,,,,954,ENSCHYG00000024479,9,1126425,1143538,1,MRN complex interacting protein [Source:HGNC Symbol;Acc:HGNC:30817],MRNIP,protein_coding,ENSCHYG00000024608,9,1144104,1154392,-1,sequestosome 1 [Source:HGNC Symbol;Acc:HGNC:11280],SQSTM1,protein_coding,566
2026,ENSBTAG00000005289,7,6479012,6498287,1,calcium homeostasis endoplasmic reticulum protein [Source:VGNC Symbol;Acc:VGNC:27287],CHERP,protein_coding,ENSBTAG00000002447,7,6497765,6520929,-1,chromosome 7 C19orf44 homolog [Source:VGNC Symbol;Acc:VGNC:55200],C7H19orf44,protein_coding,522,,,,,,,,,,,,,,,,,,,,,,,,,,,,,,,,,,,,,,,,,,,,,,,,,,,,,,,2222,ENSOARG00020015998,5,6256291,6275640,1,calcium homeostasis endoplasmic reticulum protein [Source:HGNC Symbol;Acc:HGNC:16930],CHERP,protein_coding,ENSOARG00020016066,5,6274903,6298776,-1,chromosome 19 open reading frame 44 [Source:HGNC Symbol;Acc:HGNC:26141],C19orf44,protein_coding,737,1225,ENSPSNG00000001401,3,13127786,13149341,1,calcium homeostasis endoplasmic reticulum protein [Source:NCBI gene (formerly Entrezgene);Acc:116750778],CHERP,protein_coding,ENSPSNG00000001424,3,13148767,13172105,-1,chromosome 3 C19orf44 homolog [Source:NCBI gene (formerly Entrezgene);Acc:116750779],C19orf44,protein_coding,574,964,ENSCHYG00000002017,9,6047575,6066628,1,calcium homeostasis endoplasmic reticulum protein [Source:HGNC Symbol;Acc:HGNC:16930],CHERP,protein_coding,ENSCHYG00000002039,9,6067343,6089591,-1,chromosome 19 open reading frame 44 [Source:HGNC Symbol;Acc:HGNC:26141],C19orf44,protein_coding,715
2047,ENSBTAG00000006247,7,12816113,12820023,1,deoxyhypusine synthase [Source:VGNC Symbol;Acc:VGNC:28038],DHPS,protein_coding,ENSBTAG00000006245,7,12819935,12824095,-1,WD repeat domain 83 [Source:VGNC Symbol;Acc:VGNC:36923],WDR83,protein_coding,88,,,,,,,,,,,,,,,,,,,,,,,,,,,,,,,,,,,,,641,ENSCHIG00000011017,7,98186847,98190347,1,deoxyhypusine synthase [Source:HGNC Symbol;Acc:HGNC:2869],DHPS,protein_coding,ENSCHIG00000025793,7,98190511,98194444,-1,WD repeat domain 83 [Source:HGNC Symbol;Acc:HGNC:32672],WDR83,protein_coding,164,2239,ENSOARG00020012703,5,11116943,11120700,1,deoxyhypusine synthase [Source:HGNC Symbol;Acc:HGNC:2869],DHPS,protein_coding,ENSOARG00020012835,5,11120587,11124720,-1,WD repeat domain 83 [Source:HGNC Symbol;Acc:HGNC:32672],WDR83,protein_coding,113,1211,ENSPSNG00000000212,3,9890476,9894166,1,deoxyhypusine synthase [Source:NCBI gene (formerly Entrezgene);Acc:116751308],DHPS,protein_coding,ENSPSNG00000000274,3,9894051,9898999,-1,WD repeat domain 83 [Source:NCBI gene (formerly Entrezgene);Acc:116751309],WDR83,protein_coding,115,977,ENSCHYG00000020871,9,10700168,10703646,1,deoxyhypusine synthase [Source:HGNC Symbol;Acc:HGNC:2869],DHPS,protein_coding,ENSCHYG00000021020,9,10703805,10707712,-1,WD repeat domain 83 [Source:HGNC Symbol;Acc:HGNC:32672],WDR83,protein_coding,159
2048,ENSBTAG00000006245,7,12819935,12824095,-1,WD repeat domain 83 [Source:VGNC Symbol;Acc:VGNC:36923],WDR83,protein_coding,ENSBTAG00000006244,7,12823935,12837541,1,WD repeat domain 83 opposite strand [Source:VGNC Symbol;Acc:VGNC:52897],WDR83OS,protein_coding,160,,,,,,,,,,,,,,,,,,,,,,,,,,,,,,,,,,,,,,,,,,,,,,,,,,,,,,,2240,ENSOARG00020012835,5,11120587,11124720,-1,WD repeat domain 83 [Source:HGNC Symbol;Acc:HGNC:32672],WDR83,protein_coding,ENSOARG00020012900,5,11124791,11138267,1,WD repeat domain 83 opposite strand [Source:HGNC Symbol;Acc:HGNC:30203],WDR83OS,protein_coding,71,,,,,,,,,,,,,,,,,,,,,,,,,,,,,,,,,,,,
2059,ENSBTAG00000016429,7,15749276,15751143,-1,transmembrane protein 205 [Source:VGNC Symbol;Acc:VGNC:36027],TMEM205,protein_coding,ENSBTAG00000032292,7,15751886,15760182,1,coiled-coil domain containing 159 [Source:VGNC Symbol;Acc:VGNC:26863],CCDC159,protein_coding,743,,,,,,,,,,,,,,,,,,,,,,,,,,,,,,,,,,,,,634,ENSCHIG00000007462,7,95611605,95613407,-1,transmembrane protein 205 [Source:HGNC Symbol;Acc:HGNC:29631],TMEM205,protein_coding,ENSCHIG00000025060,7,95614346,95621403,1,coiled-coil domain containing 159 [Source:HGNC Symbol;Acc:HGNC:26996],CCDC159,protein_coding,939,,,,,,,,,,,,,,,,,,,,,,,,,,,,,,,,,,,,,,,,,,,,,,,,,,,,,,
2074,ENSBTAG00000006067,7,18468629,18472439,-1,vimentin type intermediate filament associated coiled-coil protein [Source:VGNC Symbol;Acc:VGNC:97326],VMAC,protein_coding,ENSBTAG00000019025,7,18472979,18479240,1,NADH:ubiquinone oxidoreductase subunit A11 [Source:HGNC Symbol;Acc:HGNC:20371],NDUFA11,protein_coding,540,1020,ENSBMSG00010003235,3,167446486,167449844,-1,vimentin type intermediate filament associated coiled-coil protein [Source:HGNC Symbol;Acc:HGNC:33803],VMAC,protein_coding,ENSBMSG00010003243,3,167450829,167456948,1,NADH:ubiquinone oxidoreductase subunit A11 [Source:HGNC Symbol;Acc:HGNC:20371],NDUFA11,protein_coding,985,,,,,,,,,,,,,,,,,,,,,,,,,,,,,,,,,,,,,,,,,,,,,,,,,,,,,,,,,,,,,,,,,,,,,,,,,,,,,,,,,,,,,,,,,,
2120,ENSBTAG00000019419,7,43805667,43814329,1,NADH:ubiquinone oxidoreductase core subunit S7 [Source:VGNC Symbol;Acc:VGNC:31972],NDUFS7,protein_coding,ENSBTAG00000004112,7,43814689,43817695,-1,guanidinoacetate N-methyltransferase [Source:VGNC Symbol;Acc:VGNC:29243],GAMT,protein_coding,360,,,,,,,,,,,,,,,,,,,834,ENSBGRG00000015309,8,47401735,47408423,1,NADH:ubiquinone oxidoreductase core subunit S7 [Source:HGNC Symbol;Acc:HGNC:7714],NDUFS7,protein_coding,ENSBGRG00000015533,8,47408357,47412081,-1,guanidinoacetate N-methyltransferase [Source:HGNC Symbol;Acc:HGNC:4136],GAMT,protein_coding,66,,,,,,,,,,,,,,,,,,,2310,ENSOARG00020015840,5,41483052,41489638,1,NADH:ubiquinone oxidoreductase core subunit S7 [Source:HGNC Symbol;Acc:HGNC:7714],NDUFS7,protein_coding,ENSOARG00020015902,5,41489625,41492629,-1,guanidinoacetate N-methyltransferase [Source:HGNC Symbol;Acc:HGNC:4136],GAMT,protein_coding,13,,,,,,,,,,,,,,,,,,,1018,ENSCHYG00000009337,9,40659842,40665744,1,NADH:ubiquinone oxidoreductase core subunit S7 [Source:HGNC Symbol;Acc:HGNC:7714],NDUFS7,protein_coding,ENSCHYG00000009404,9,40666242,40669228,-1,guanidinoacetate N-methyltransferase [Source:HGNC Symbol;Acc:HGNC:4136],GAMT,protein_coding,498
2137,ENSBTAG00000057611,7,52209642,52210173,1,,,protein_coding,ENSBTAG00000053160,7,52210138,52225922,-1,,,protein_coding,35,,,,,,,,,,,,,,,,,,,844,ENSBGRG00000022746,8,56771925,56772456,1,,,protein_coding,ENSBGRG00000022767,8,56772421,56789878,-1,,,protein_coding,35,,,,,,,,,,,,,,,,,,,,,,,,,,,,,,,,,,,,,,,,,,,,,,,,,,,,,,,,,,,,,,,,,,,,,,,,
2186,ENSBTAG00000042458,8,59833118,59833395,-1,RNase MRP [Source:RFAM;Acc:RF00030],RNase_MRP,ribozyme,ENSBTAG00000011413,8,59833726,59838963,1,coiled-coil domain containing 107 [Source:VGNC Symbol;Acc:VGNC:26832],CCDC107,protein_coding,331,1116,ENSBMSG00010004962,6,79612943,79613219,-1,RNase MRP [Source:RFAM;Acc:RF00030],RNase_MRP,ribozyme,ENSBMSG00010004968,6,79613498,79616564,1,coiled-coil domain containing 107 [Source:HGNC Symbol;Acc:HGNC:28465],CCDC107,protein_coding,279,,,,,,,,,,,,,,,,,,,660,ENSCHIG00000003734,8,59648916,59649197,-1,RNase MRP [Source:RFAM;Acc:RF00030],RNase_MRP,ribozyme,ENSCHIG00000015321,8,59649568,59652024,1,coiled-coil domain containing 107 [Source:HGNC Symbol;Acc:HGNC:28465],CCDC107,protein_coding,371,,,,,,,,,,,,,,,,,,,,,,,,,,,,,,,,,,,,,,,,,,,,,,,,,,,,,,
2189,ENSBTAG00000011431,8,59905787,59916869,-1,glucosylceramidase beta 2 [Source:VGNC Symbol;Acc:VGNC:29275],GBA2,protein_coding,ENSBTAG00000011433,8,59917005,59922869,1,"RGP1 homolog, RAB6A GEF complex partner 1 [Source:VGNC Symbol;Acc:VGNC:33908]",RGP1,protein_coding,136,1120,ENSBMSG00010005012,6,79684489,79694783,-1,glucosylceramidase beta 2 [Source:HGNC Symbol;Acc:HGNC:18986],GBA2,protein_coding,ENSBMSG00010005023,6,79695371,79701009,1,"RGP1 homolog, RAB6A GEF complex partner 1 [Source:HGNC Symbol;Acc:HGNC:21965]",RGP1,protein_coding,588,,,,,,,,,,,,,,,,,,,663,ENSCHIG00000025213,8,59720887,59731222,-1,glucosylceramidase beta 2 [Source:HGNC Symbol;Acc:HGNC:18986],GBA2,protein_coding,ENSCHIG00000020979,8,59732106,59736104,1,"RGP1 homolog, RAB6A GEF complex partner 1 [Source:HGNC Symbol;Acc:HGNC:21965]",RGP1,protein_coding,884,,,,,,,,,,,,,,,,,,,,,,,,,,,,,,,,,,,,,,,,,,,,,,,,,,,,,,
219,ENSBTAG00000008133,10,88814161,88846507,-1,"alkB homolog 1, histone H2A dioxygenase [Source:VGNC Symbol;Acc:VGNC:55101]",ALKBH1,protein_coding,ENSBTAG00000008135,10,88846593,88855885,1,SRA stem-loop interacting RNA binding protein [Source:VGNC Symbol;Acc:VGNC:55144],SLIRP,protein_coding,86,792,ENSBMSG00010008274,2,150981994,151012433,-1,"alkB homolog 1, histone H2A dioxygenase [Source:HGNC Symbol;Acc:HGNC:17911]",ALKBH1,protein_coding,ENSBMSG00010008287,2,151012490,151021591,1,SRA stem-loop interacting RNA binding protein [Source:HGNC Symbol;Acc:HGNC:20495],SLIRP,protein_coding,57,,,,,,,,,,,,,,,,,,,,,,,,,,,,,,,,,,,,,,,,,,,,,,,,,,,,,,,990,ENSPSNG00000016553,2,152911704,152942213,-1,"alkB homolog 1, histone H2A dioxygenase [Source:NCBI gene (formerly Entrezgene);Acc:116749418]",ALKBH1,protein_coding,ENSPSNG00000016615,2,152942288,152953644,1,SRA stem-loop interacting RNA binding protein [Source:NCBI gene (formerly Entrezgene);Acc:116749368],SLIRP,protein_coding,75,,,,,,,,,,,,,,,,,,
2194,ENSBTAG00000014722,8,62812987,62840869,-1,thiosulfate sulfurtransferase like domain containing 2 [Source:VGNC Symbol;Acc:VGNC:36451],TSTD2,protein_coding,ENSBTAG00000009732,8,62840870,62878151,1,nuclear cap binding protein subunit 1 [Source:VGNC Symbol;Acc:VGNC:31907],NCBP1,protein_coding,1,1124,ENSBMSG00010006231,6,82352635,82378293,-1,thiosulfate sulfurtransferase like domain containing 2 [Source:HGNC Symbol;Acc:HGNC:30087],TSTD2,protein_coding,ENSBMSG00010006246,6,82378674,82419689,1,nuclear cap binding protein subunit 1 [Source:HGNC Symbol;Acc:HGNC:7658],NCBP1,protein_coding,381,,,,,,,,,,,,,,,,,,,,,,,,,,,,,,,,,,,,,,,,,,,,,,,,,,,,,,,,,,,,,,,,,,,,,,,,,,,,,,,,,,,,,,,,,,
2215,ENSBTAG00000018613,8,83925220,83951207,-1,nucleolar protein 8 [Source:VGNC Symbol;Acc:VGNC:106844],NOL8,protein_coding,ENSBTAG00000011814,8,83951223,84187164,1,centromere protein P [Source:VGNC Symbol;Acc:VGNC:59195],CENPP,protein_coding,16,1103,ENSBMSG00010006380,6,26293915,26318782,-1,nucleolar protein 8 [Source:HGNC Symbol;Acc:HGNC:23387],NOL8,protein_coding,ENSBMSG00010006410,6,26319322,26548793,1,centromere protein P [Source:HGNC Symbol;Acc:HGNC:32933],CENPP,protein_coding,540,745,ENSBGRG00000012947,7,20332862,20362077,-1,nucleolar protein 8 [Source:HGNC Symbol;Acc:HGNC:23387],NOL8,protein_coding,ENSBGRG00000013099,7,20362131,20621430,1,centromere protein P [Source:HGNC Symbol;Acc:HGNC:32933],CENPP,protein_coding,54,,,,,,,,,,,,,,,,,,,,,,,,,,,,,,,,,,,,,,,,,,,,,,,,,,,,,,,341,ENSCHYG00000007435,16,16364073,16386629,-1,nucleolar protein 8 [Source:HGNC Symbol;Acc:HGNC:23387],NOL8,protein_coding,ENSCHYG00000007599,16,16386301,16611039,1,centromere protein P [Source:HGNC Symbol;Acc:HGNC:32933],CENPP,protein_coding,328
2221,ENSBTAG00000004991,8,98473957,98536545,-1,elongator acetyltransferase complex subunit 1 [Source:VGNC Symbol;Acc:VGNC:28454],ELP1,protein_coding,ENSBTAG00000004996,8,98536727,98543210,1,actin binding transcription modulator [Source:VGNC Symbol;Acc:VGNC:28781],ABITRAM,protein_coding,182,,,,,,,,,,,,,,,,,,,,,,,,,,,,,,,,,,,,,,,,,,,,,,,,,,,,,,,,,,,,,,,,,,,,,,,,,,,,,,,,,,,,,,,,,,,342,ENSCHYG00000005409,16,29816724,29877537,-1,elongator complex protein 1 [Source:HGNC Symbol;Acc:HGNC:5959],ELP1,protein_coding,ENSCHYG00000005521,16,29877545,29883587,1,actin binding transcription modulator [Source:HGNC Symbol;Acc:HGNC:1364],ABITRAM,protein_coding,8
2225,ENSBTAG00000014430,8,102506038,102517195,-1,cell division cycle 26 [Source:VGNC Symbol;Acc:VGNC:27065],CDC26,protein_coding,ENSBTAG00000004571,8,102517180,102538052,1,pre-mRNA processing factor 4 [Source:VGNC Symbol;Acc:VGNC:33378],PRPF4,protein_coding,15,1133,ENSBMSG00010005751,6,95965977,95979364,-1,cell division cycle 26 [Source:HGNC Symbol;Acc:HGNC:17839],CDC26,protein_coding,ENSBMSG00010005775,6,95979490,95995811,1,pre-mRNA processing factor 4 [Source:HGNC Symbol;Acc:HGNC:17349],PRPF4,protein_coding,126,,,,,,,,,,,,,,,,,,,,,,,,,,,,,,,,,,,,,,,,,,,,,,,,,,,,,,,,,,,,,,,,,,,,,,,,,343,ENSCHYG00000012722,16,33561491,33573892,-1,cell division cycle 26 [Source:HGNC Symbol;Acc:HGNC:17839],CDC26,protein_coding,ENSCHYG00000012780,16,33573913,33593124,1,pre-mRNA processing factor 4 [Source:HGNC Symbol;Acc:HGNC:17349],PRPF4,protein_coding,21
2268,ENSBTAG00000013224,9,88449225,88485099,-1,required for meiotic nuclear division 1 homolog [Source:VGNC Symbol;Acc:VGNC:33995],RMND1,protein_coding,ENSBTAG00000004098,9,88485487,88498999,1,acidic residue methyltransferase 1 [Source:VGNC Symbol;Acc:VGNC:53782],ARMT1,protein_coding,388,,,,,,,,,,,,,,,,,,,,,,,,,,,,,,,,,,,,,,,,,,,,,,,,,,,,,,,2551,ENSOARG00020021897,8,76257628,76292598,-1,required for meiotic nuclear division 1 homolog [Source:HGNC Symbol;Acc:HGNC:21176],RMND1,protein_coding,ENSOARG00020021948,8,76292900,76304200,1,acidic residue methyltransferase 1 [Source:HGNC Symbol;Acc:HGNC:17872],ARMT1,protein_coding,302,,,,,,,,,,,,,,,,,,,,,,,,,,,,,,,,,,,,
230,ENSBTAG00000015667,11,2355706,2367369,-1,transmembrane protein 127 [Source:VGNC Symbol;Acc:VGNC:35960],TMEM127,protein_coding,ENSBTAG00000015659,11,2367548,2374474,1,cytosolic iron-sulfur assembly component 1 [Source:VGNC Symbol;Acc:VGNC:27356],CIAO1,protein_coding,179,,,,,,,,,,,,,,,,,,,885,ENSBGRG00000026785,9,19746458,19758661,-1,transmembrane protein 127 [Source:HGNC Symbol;Acc:HGNC:26038],TMEM127,protein_coding,ENSBGRG00000026786,9,19758682,19763220,1,cytosolic iron-sulfur assembly component 1 [Source:HGNC Symbol;Acc:HGNC:14280],CIAO1,protein_coding,21,62,ENSCHIG00000012001,11,2294270,2304260,-1,transmembrane protein 127 [Source:HGNC Symbol;Acc:HGNC:26038],TMEM127,protein_coding,ENSCHIG00000022318,11,2304782,2309844,1,cytosolic iron-sulfur assembly component 1 [Source:HGNC Symbol;Acc:HGNC:14280],CIAO1,protein_coding,522,,,,,,,,,,,,,,,,,,,461,ENSPSNG00000004866,13,81148396,81161146,-1,transmembrane protein 127 [Source:NCBI gene (formerly Entrezgene);Acc:116763958],TMEM127,protein_coding,ENSPSNG00000004897,13,81161326,81172307,1,cytosolic iron-sulfur assembly component 1 [Source:NCBI gene (formerly Entrezgene);Acc:116764664],CIAO1,protein_coding,180,,,,,,,,,,,,,,,,,,
256,ENSBTAG00000039770,11,19635046,19659111,-1,CCAAT enhancer binding protein zeta [Source:VGNC Symbol;Acc:VGNC:27164],CEBPZ,protein_coding,ENSBTAG00000001113,11,19659154,19675873,1,NADH:ubiquinone oxidoreductase complex assembly factor 7 [Source:VGNC Symbol;Acc:VGNC:31959],NDUFAF7,protein_coding,43,,,,,,,,,,,,,,,,,,,895,ENSBGRG00000013169,9,38971344,38997506,-1,CCAAT enhancer binding protein zeta [Source:HGNC Symbol;Acc:HGNC:24218],CEBPZ,protein_coding,ENSBGRG00000013431,9,38997648,39017366,1,NADH:ubiquinone oxidoreductase complex assembly factor 7 [Source:HGNC Symbol;Acc:HGNC:28816],NDUFAF7,protein_coding,142,72,ENSCHIG00000020789,11,19490964,19514133,-1,CCAAT enhancer binding protein zeta [Source:HGNC Symbol;Acc:HGNC:24218],CEBPZ,protein_coding,ENSCHIG00000024822,11,19514275,19528018,1,NADH:ubiquinone oxidoreductase complex assembly factor 7 [Source:HGNC Symbol;Acc:HGNC:28816],NDUFAF7,protein_coding,142,,,,,,,,,,,,,,,,,,,431,ENSPSNG00000014215,13,29857152,29880422,-1,CCAAT enhancer binding protein zeta [Source:NCBI gene (formerly Entrezgene);Acc:116764370],CEBPZ,protein_coding,ENSPSNG00000014303,13,29880510,29907440,1,NADH:ubiquinone oxidoreductase complex assembly factor 7 [Source:NCBI gene (formerly Entrezgene);Acc:116764372],NDUFAF7,protein_coding,88,144,ENSCHYG00000006370,11,21119899,21143149,-1,CCAAT enhancer binding protein zeta [Source:HGNC Symbol;Acc:HGNC:24218],CEBPZ,protein_coding,ENSCHYG00000006399,11,21143170,21156086,1,NADH:ubiquinone oxidoreductase complex assembly factor 7 [Source:HGNC Symbol;Acc:HGNC:28816],NDUFAF7,protein_coding,21
27,ENSBTAG00000013192,1,71223020,71228675,-1,centrosomal protein 19 [Source:VGNC Symbol;Acc:VGNC:27198],CEP19,protein_coding,ENSBTAG00000048195,1,71228797,71253237,1,phosphatidylinositol glycan anchor biosynthesis class X [Source:VGNC Symbol;Acc:VGNC:53598],PIGX,protein_coding,122,,,,,,,,,,,,,,,,,,,,,,,,,,,,,,,,,,,,,,,,,,,,,,,,,,,,,,,176,ENSOARG00020027166,1,192035694,192041699,-1,centrosomal protein 19 [Source:HGNC Symbol;Acc:HGNC:28209],CEP19,protein_coding,ENSOARG00020002216,1,192041135,192066054,1,phosphatidylinositol glycan anchor biosynthesis class X [Source:HGNC Symbol;Acc:HGNC:26046],PIGX,protein_coding,564,,,,,,,,,,,,,,,,,,,,,,,,,,,,,,,,,,,,
298,ENSBTAG00000047772,11,66861021,66864669,-1,F-box protein 48 [Source:VGNC Symbol;Acc:VGNC:58598],FBXO48,protein_coding,ENSBTAG00000018401,11,66865005,66958571,1,aprataxin and PNKP like factor [Source:VGNC Symbol;Acc:VGNC:59203],APLF,protein_coding,336,,,,,,,,,,,,,,,,,,,909,ENSBGRG00000003679,9,90681746,90685402,-1,F-box protein 48 [Source:HGNC Symbol;Acc:HGNC:33857],FBXO48,protein_coding,ENSBGRG00000003735,9,90685423,90833609,1,aprataxin and PNKP like factor [Source:HGNC Symbol;Acc:HGNC:28724],APLF,protein_coding,21,81,ENSCHIG00000018110,11,66583148,66588611,-1,F-box protein 48 [Source:HGNC Symbol;Acc:HGNC:33857],FBXO48,protein_coding,ENSCHIG00000015145,11,66588631,66689776,1,aprataxin and PNKP like factor [Source:HGNC Symbol;Acc:HGNC:28724],APLF,protein_coding,20,,,,,,,,,,,,,,,,,,,445,ENSPSNG00000017972,13,58345028,58350279,-1,F-box protein 48 [Source:NCBI gene (formerly Entrezgene);Acc:116764801],FBXO48,protein_coding,ENSPSNG00000018014,13,58350471,58436729,1,aprataxin and PNKP like factor [Source:NCBI gene (formerly Entrezgene);Acc:116764653],APLF,protein_coding,192,,,,,,,,,,,,,,,,,,
335,ENSBTAG00000012735,11,98387377,98393574,1,cilia and flagella associated protein 157 [Source:VGNC Symbol;Acc:VGNC:27238],CFAP157,protein_coding,ENSBTAG00000012736,11,98393074,98395617,-1,peptidyl-tRNA hydrolase 1 homolog [Source:VGNC Symbol;Acc:VGNC:33561],PTRH1,protein_coding,500,1140,ENSBMSG00010004154,6,108535839,108541878,1,cilia and flagella associated protein 157 [Source:HGNC Symbol;Acc:HGNC:27843],CFAP157,protein_coding,ENSBMSG00010004170,6,108542104,108543548,-1,peptidyl-tRNA hydrolase 1 homolog [Source:HGNC Symbol;Acc:HGNC:27039],PTRH1,protein_coding,226,859,ENSBGRG00000005935,9,7045048,7051078,1,cilia and flagella associated protein 157 [Source:HGNC Symbol;Acc:HGNC:27843],CFAP157,protein_coding,ENSBGRG00000006004,9,7051284,7053017,-1,peptidyl-tRNA hydrolase 1 homolog [Source:HGNC Symbol;Acc:HGNC:27039],PTRH1,protein_coding,206,96,ENSCHIG00000017051,11,97934584,97940654,1,cilia and flagella associated protein 157 [Source:HGNC Symbol;Acc:HGNC:27843],CFAP157,protein_coding,ENSCHIG00000008188,11,97940862,97942595,-1,peptidyl-tRNA hydrolase 1 homolog [Source:HGNC Symbol;Acc:HGNC:27039],PTRH1,protein_coding,208,,,,,,,,,,,,,,,,,,,,,,,,,,,,,,,,,,,,,170,ENSCHYG00000017530,11,95962822,95969971,1,cilia and flagella associated protein 157 [Source:HGNC Symbol;Acc:HGNC:27843],CFAP157,protein_coding,ENSCHYG00000017616,11,95969178,95971024,-1,peptidyl-tRNA hydrolase 1 homolog [Source:HGNC Symbol;Acc:HGNC:27039],PTRH1,protein_coding,793
343,ENSBTAG00000011317,11,98866668,98883294,-1,golgin A2 [Source:NCBI gene (formerly Entrezgene);Acc:508805],GOLGA2,protein_coding,ENSBTAG00000030608,11,98883290,98890155,1,SWI5 homologous recombination repair protein [Source:HGNC Symbol;Acc:HGNC:31412],SWI5,protein_coding,4,,,,,,,,,,,,,,,,,,,862,ENSBGRG00000009764,9,7601797,7620460,-1,,,protein_coding,ENSBGRG00000010054,9,7620481,7628867,1,SWI5 homologous recombination repair protein [Source:HGNC Symbol;Acc:HGNC:31412],SWI5,protein_coding,21,99,ENSCHIG00000008218,11,98409422,98425260,-1,,,protein_coding,ENSCHIG00000018627,11,98425254,98430335,1,,,protein_coding,6,,,,,,,,,,,,,,,,,,,,,,,,,,,,,,,,,,,,,,,,,,,,,,,,,,,,,,
344,ENSBTAG00000004663,11,98897550,98918946,-1,TruB pseudouridine synthase family member 2 [Source:VGNC Symbol;Acc:VGNC:36405],TRUB2,protein_coding,ENSBTAG00000004664,11,98919110,98933765,1,coenzyme Q4 [Source:VGNC Symbol;Acc:VGNC:59211],COQ4,protein_coding,164,1146,ENSBMSG00010016144,6,109022887,109034729,-1,TruB pseudouridine synthase family member 2 [Source:HGNC Symbol;Acc:HGNC:17170],TRUB2,protein_coding,ENSBMSG00010016174,6,109034834,109044907,1,coenzyme Q4 [Source:HGNC Symbol;Acc:HGNC:19693],COQ4,protein_coding,105,863,ENSBGRG00000010103,9,7647360,7660272,-1,TruB pseudouridine synthase family member 2 [Source:HGNC Symbol;Acc:HGNC:17170],TRUB2,protein_coding,ENSBGRG00000010175,9,7660634,7676543,1,coenzyme Q4 [Source:HGNC Symbol;Acc:HGNC:19693],COQ4,protein_coding,362,100,ENSCHIG00000021160,11,98444881,98456157,-1,TruB pseudouridine synthase family member 2 [Source:HGNC Symbol;Acc:HGNC:17170],TRUB2,protein_coding,ENSCHIG00000011631,11,98456454,98471175,1,coenzyme Q4 [Source:HGNC Symbol;Acc:HGNC:19693],COQ4,protein_coding,297,,,,,,,,,,,,,,,,,,,,,,,,,,,,,,,,,,,,,173,ENSCHYG00000004541,11,96468608,96479284,-1,TruB pseudouridine synthase family member 2 [Source:HGNC Symbol;Acc:HGNC:17170],TRUB2,protein_coding,ENSCHYG00000004830,11,96479763,96491206,1,coenzyme Q4 [Source:HGNC Symbol;Acc:HGNC:19693],COQ4,protein_coding,479
392,ENSBTAG00000010951,12,23209488,23219151,-1,NHL repeat containing 3 [Source:VGNC Symbol;Acc:VGNC:32069],NHLRC3,protein_coding,ENSBTAG00000010949,12,23220091,23250891,1,proline and serine rich 1 [Source:VGNC Symbol;Acc:VGNC:33367],PROSER1,protein_coding,940,,,,,,,,,,,,,,,,,,,,,,,,,,,,,,,,,,,,,,,,,,,,,,,,,,,,,,,231,ENSOARG00020004322,10,23456965,23482719,-1,NHL repeat containing 3 [Source:HGNC Symbol;Acc:HGNC:33751],NHLRC3,protein_coding,ENSOARG00020004351,10,23483314,23510531,1,proline and serine rich 1 [Source:HGNC Symbol;Acc:HGNC:20291],PROSER1,protein_coding,595,,,,,,,,,,,,,,,,,,,,,,,,,,,,,,,,,,,,
402,ENSBTAG00000048960,12,47461545,47476916,-1,mitotic spindle organizing protein 1 [Source:VGNC Symbol;Acc:VGNC:31851],MZT1,protein_coding,ENSBTAG00000019886,12,47476225,47505656,1,BORA aurora kinase A activator [Source:VGNC Symbol;Acc:VGNC:26541],BORA,protein_coding,691,,,,,,,,,,,,,,,,,,,,,,,,,,,,,,,,,,,,,,,,,,,,,,,,,,,,,,,237,ENSOARG00020033627,10,48072543,48086892,-1,mitotic spindle organizing protein 1 [Source:HGNC Symbol;Acc:HGNC:33830],MZT1,protein_coding,ENSOARG00020007605,10,48086438,48114022,1,BORA aurora kinase A activator [Source:HGNC Symbol;Acc:HGNC:24724],BORA,protein_coding,454,,,,,,,,,,,,,,,,,,,,,,,,,,,,,,,,,,,,
431,ENSBTAG00000013930,13,16092866,16109748,-1,ATP synthase F1 subunit gamma [Source:VGNC Symbol;Acc:VGNC:26301],ATP5F1C,protein_coding,ENSBTAG00000013925,13,16109948,16147256,1,Kin17 DNA and RNA binding protein [Source:VGNC Symbol;Acc:VGNC:56190],KIN,protein_coding,200,,,,,,,,,,,,,,,,,,,,,,,,,,,,,,,,,,,,,,,,,,,,,,,,,,,,,,,,,,,,,,,,,,,,,,,,,895,ENSPSNG00000019251,2,23863585,23883671,-1,ATP synthase F1 subunit gamma [Source:NCBI gene (formerly Entrezgene);Acc:116749061],ATP5F1C,protein_coding,ENSPSNG00000019341,2,23883855,23921151,1,Kin17 DNA and RNA binding protein [Source:NCBI gene (formerly Entrezgene);Acc:116749818],KIN,protein_coding,184,,,,,,,,,,,,,,,,,,
448,ENSBTAG00000004622,13,38480521,38533074,-1,double zinc ribbon and ankyrin repeat domains 1 [Source:VGNC Symbol;Acc:VGNC:28283],DZANK1,protein_coding,ENSBTAG00000008825,13,38533471,38546652,1,RNA polymerase III subunit F [Source:VGNC Symbol;Acc:VGNC:33150],POLR3F,protein_coding,397,,,,,,,,,,,,,,,,,,,,,,,,,,,,,,,,,,,,,,,,,,,,,,,,,,,,,,,556,ENSOARG00020022592,13,38070944,38121494,-1,double zinc ribbon and ankyrin repeat domains 1 [Source:HGNC Symbol;Acc:HGNC:15858],DZANK1,protein_coding,ENSOARG00020022881,13,38121758,38134269,1,RNA polymerase III subunit F [Source:HGNC Symbol;Acc:HGNC:15763],POLR3F,protein_coding,264,,,,,,,,,,,,,,,,,,,,,,,,,,,,,,,,,,,,
541,ENSBTAG00000009394,14,14849669,15088095,-1,"NSE2 (MMS21) homolog, SMC5-SMC6 complex SUMO ligase [Source:VGNC Symbol;Acc:VGNC:32280]",NSMCE2,protein_coding,ENSBTAG00000010275,14,15087934,15141402,1,WASH complex subunit 5 [Source:VGNC Symbol;Acc:VGNC:36869],WASHC5,protein_coding,161,577,ENSBMSG00010018858,17,14715582,14934977,-1,"NSE2 (MMS21) homolog, SMC5-SMC6 complex SUMO ligase [Source:HGNC Symbol;Acc:HGNC:26513]",NSMCE2,protein_coding,ENSBMSG00010018931,17,14934716,14989817,1,WASH complex subunit 5 [Source:HGNC Symbol;Acc:HGNC:28984],WASHC5,protein_coding,261,269,ENSBGRG00000011290,18,2265085,2537069,-1,"NSE2 (MMS21) homolog, SMC5-SMC6 complex SUMO ligase [Source:HGNC Symbol;Acc:HGNC:26513]",NSMCE2,protein_coding,ENSBGRG00000011486,18,2537090,2594062,1,WASH complex subunit 5 [Source:HGNC Symbol;Acc:HGNC:28984],WASHC5,protein_coding,21,,,,,,,,,,,,,,,,,,,2587,ENSOARG00020010360,9,27877461,28109963,-1,"NSE2 (MMS21) homolog, SMC5-SMC6 complex SUMO ligase [Source:HGNC Symbol;Acc:HGNC:26513]",NSMCE2,protein_coding,ENSOARG00020010489,9,28109832,28165852,1,WASH complex subunit 5 [Source:HGNC Symbol;Acc:HGNC:28984],WASHC5,protein_coding,131,,,,,,,,,,,,,,,,,,,,,,,,,,,,,,,,,,,,
551,ENSBTAG00000005893,14,23027993,23070071,-1,transmembrane protein 68 [Source:VGNC Symbol;Acc:VGNC:36107],TMEM68,protein_coding,ENSBTAG00000005898,14,23070145,23095949,1,trimethylguanosine synthase 1 [Source:VGNC Symbol;Acc:VGNC:35815],TGS1,protein_coding,74,,,,,,,,,,,,,,,,,,,,,,,,,,,,,,,,,,,,,,,,,,,,,,,,,,,,,,,2592,ENSOARG00020025479,9,36026414,36060667,-1,transmembrane protein 68 [Source:HGNC Symbol;Acc:HGNC:26510],TMEM68,protein_coding,ENSOARG00020025496,9,36060722,36086106,1,trimethylguanosine synthase 1 [Source:HGNC Symbol;Acc:HGNC:17843],TGS1,protein_coding,55,716,ENSPSNG00000011792,17,4471577,4506147,-1,transmembrane protein 68 [Source:NCBI gene (formerly Entrezgene);Acc:116742511],TMEM68,protein_coding,ENSPSNG00000011959,17,4506204,4541747,1,trimethylguanosine synthase 1 [Source:NCBI gene (formerly Entrezgene);Acc:116742497],TGS1,protein_coding,57,549,ENSCHYG00000023790,21,21700654,21735040,-1,transmembrane protein 68 [Source:HGNC Symbol;Acc:HGNC:26510],TMEM68,protein_coding,ENSCHYG00000023932,21,21735044,21759600,1,trimethylguanosine synthase 1 [Source:HGNC Symbol;Acc:HGNC:17843],TGS1,protein_coding,4
567,ENSBTAG00000007387,14,55078156,55088365,-1,ENY2 transcription and export complex 2 subunit [Source:VGNC Symbol;Acc:VGNC:28514],ENY2,protein_coding,ENSBTAG00000007386,14,55087518,55225513,1,NudC domain containing 1 [Source:VGNC Symbol;Acc:VGNC:32322],NUDCD1,protein_coding,847,582,ENSBMSG00010013592,17,28415393,28424848,-1,ENY2 transcription and export complex 2 subunit [Source:HGNC Symbol;Acc:HGNC:24449],ENY2,protein_coding,ENSBMSG00010013606,17,28425049,28516808,1,,,protein_coding,201,282,ENSBGRG00000004894,18,45797018,45806145,-1,ENY2 transcription and export complex 2 subunit [Source:HGNC Symbol;Acc:HGNC:24449],ENY2,protein_coding,ENSBGRG00000004945,18,45806604,45902531,1,NudC domain containing 1 [Source:HGNC Symbol;Acc:HGNC:24306],NUDCD1,protein_coding,459,,,,,,,,,,,,,,,,,,,2604,ENSOARG00020014584,9,67996711,68008638,-1,ENY2 transcription and export complex 2 subunit [Source:HGNC Symbol;Acc:HGNC:24449],ENY2,protein_coding,ENSOARG00020014651,9,68008836,68100570,1,NudC domain containing 1 [Source:HGNC Symbol;Acc:HGNC:24306],NUDCD1,protein_coding,198,,,,,,,,,,,,,,,,,,,552,ENSCHYG00000013001,21,52468120,52477725,-1,ENY2 transcription and export complex 2 subunit [Source:HGNC Symbol;Acc:HGNC:24449],ENY2,protein_coding,ENSCHYG00000013032,21,52477746,52565233,1,NudC domain containing 1 [Source:HGNC Symbol;Acc:HGNC:24306],NUDCD1,protein_coding,21
581,ENSBTAG00000008925,15,1437975,1508799,-1,"MRE11 homolog, double strand break repair nuclease [Source:VGNC Symbol;Acc:VGNC:31600]",MRE11,protein_coding,ENSBTAG00000009176,15,1508947,1532739,1,ankyrin repeat domain 49 [Source:VGNC Symbol;Acc:VGNC:25933],ANKRD49,protein_coding,148,,,,,,,,,,,,,,,,,,,,,,,,,,,,,,,,,,,,,,,,,,,,,,,,,,,,,,,798,ENSOARG00020011913,15,1047146,1125371,-1,"MRE11 homolog, double strand break repair nuclease [Source:HGNC Symbol;Acc:HGNC:7230]",MRE11,protein_coding,ENSOARG00020012037,15,1125558,1149123,1,ankyrin repeat domain 49 [Source:HGNC Symbol;Acc:HGNC:25970],ANKRD49,protein_coding,187,,,,,,,,,,,,,,,,,,,,,,,,,,,,,,,,,,,,
627,ENSBTAG00000001917,15,43659701,43669711,1,chromosome 15 C11orf16 homolog [Source:VGNC Symbol;Acc:VGNC:52629],C15H11orf16,protein_coding,ENSBTAG00000001922,15,43669223,43677196,-1,A-kinase interacting protein 1 [Source:VGNC Symbol;Acc:VGNC:25792],AKIP1,protein_coding,488,,,,,,,,,,,,,,,,,,,,,,,,,,,,,,,,,,,,,,,,,,,,,,,,,,,,,,,827,ENSOARG00020020576,15,43368868,43378373,1,chromosome 11 open reading frame 16 [Source:HGNC Symbol;Acc:HGNC:1169],C11orf16,protein_coding,ENSOARG00020020684,15,43378380,43386302,-1,A-kinase interacting protein 1 [Source:HGNC Symbol;Acc:HGNC:1170],AKIP1,protein_coding,7,,,,,,,,,,,,,,,,,,,,,,,,,,,,,,,,,,,,
638,ENSBTAG00000008433,15,51243181,51264731,-1,post-GPI attachment to proteins 2 [Source:VGNC Symbol;Acc:VGNC:32782],PGAP2,protein_coding,ENSBTAG00000008432,15,51264913,51351657,1,nucleoporin 98 and 96 [Source:VGNC Symbol;Acc:VGNC:32367],NUP98,protein_coding,182,,,,,,,,,,,,,,,,,,,,,,,,,,,,,,,,,,,,,,,,,,,,,,,,,,,,,,,834,ENSOARG00020012266,15,50007354,50028486,-1,post-GPI attachment to proteins 2 [Source:HGNC Symbol;Acc:HGNC:17893],PGAP2,protein_coding,ENSOARG00020012828,15,50028622,50116475,1,nucleoporin 98 and 96 precursor [Source:HGNC Symbol;Acc:HGNC:8068],NUP98,protein_coding,136,,,,,,,,,,,,,,,,,,,,,,,,,,,,,,,,,,,,
651,ENSBTAG00000006610,15,54150612,54223182,-1,X-ray radiation resistance associated 1 [Source:VGNC Symbol;Acc:VGNC:37010],XRRA1,protein_coding,ENSBTAG00000006644,15,54223233,54247479,1,signal peptidase complex subunit 2 [Source:VGNC Symbol;Acc:VGNC:35197],SPCS2,protein_coding,51,,,,,,,,,,,,,,,,,,,,,,,,,,,,,,,,,,,,,,,,,,,,,,,,,,,,,,,848,ENSOARG00020004106,15,52873264,52943226,-1,X-ray radiation resistance associated 1 [Source:HGNC Symbol;Acc:HGNC:18868],XRRA1,protein_coding,ENSOARG00020004400,15,52943330,52969887,1,signal peptidase complex subunit 2 [Source:HGNC Symbol;Acc:HGNC:28962],SPCS2,protein_coding,104,,,,,,,,,,,,,,,,,,,,,,,,,,,,,,,,,,,,
683,ENSBTAG00000002389,15,80932192,80940778,-1,mediator complex subunit 19 [Source:VGNC Symbol;Acc:VGNC:31356],MED19,protein_coding,ENSBTAG00000002404,15,80941203,80949868,1,thioredoxin related transmembrane protein 2 [Source:VGNC Symbol;Acc:VGNC:54897],TMX2,protein_coding,425,1246,ENSBMSG00010006189,8,98061800,98068735,-1,mediator complex subunit 19 [Source:HGNC Symbol;Acc:HGNC:29600],MED19,protein_coding,ENSBMSG00010006209,8,98069108,98076969,1,thioredoxin related transmembrane protein 2 [Source:HGNC Symbol;Acc:HGNC:30739],TMX2,protein_coding,373,120,ENSBGRG00000006131,13,2193606,2200915,-1,mediator complex subunit 19 [Source:HGNC Symbol;Acc:HGNC:29600],MED19,protein_coding,ENSBGRG00000006188,13,2201324,2211210,1,thioredoxin related transmembrane protein 2 [Source:HGNC Symbol;Acc:HGNC:30739],TMX2,protein_coding,409,,,,,,,,,,,,,,,,,,,872,ENSOARG00020012713,15,79744893,79753216,-1,mediator complex subunit 19 [Source:HGNC Symbol;Acc:HGNC:29600],MED19,protein_coding,ENSOARG00020012833,15,79753451,79762754,1,thioredoxin related transmembrane protein 2 [Source:HGNC Symbol;Acc:HGNC:30739],TMX2,protein_coding,235,1582,ENSPSNG00000015588,8,98615396,98621480,-1,mediator complex subunit 19 [Source:NCBI gene (formerly Entrezgene);Acc:116757759],MED19,protein_coding,ENSPSNG00000015700,8,98621654,98630524,1,thioredoxin related transmembrane protein 2 [Source:NCBI gene (formerly Entrezgene);Acc:116758711],TMX2,protein_coding,174,36,ENSCHYG00000009110,1,73924072,73930566,-1,mediator complex subunit 19 [Source:HGNC Symbol;Acc:HGNC:29600],MED19,protein_coding,ENSCHYG00000009268,1,73930969,73938415,1,thioredoxin related transmembrane protein 2 [Source:HGNC Symbol;Acc:HGNC:30739],TMX2,protein_coding,403
702,ENSBTAG00000007593,16,26158797,26205930,-1,"axin interactor, dorsalization associated [Source:VGNC Symbol;Acc:VGNC:25758]",AIDA,protein_coding,ENSBTAG00000007595,16,26205238,26226551,1,BRO1 domain and CAAX motif containing [Source:VGNC Symbol;Acc:VGNC:26571],BROX,protein_coding,692,,,,,,,,,,,,,,,,,,,157,ENSBGRG00000008279,14,21197190,21247551,-1,"axin interactor, dorsalization associated [Source:HGNC Symbol;Acc:HGNC:25761]",AIDA,protein_coding,ENSBGRG00000008569,14,21248496,21269558,1,BRO1 domain and CAAX motif containing [Source:HGNC Symbol;Acc:HGNC:26512],BROX,protein_coding,945,200,ENSCHIG00000007226,16,24661768,24709247,-1,"axin interactor, dorsalization associated [Source:HGNC Symbol;Acc:HGNC:25761]",AIDA,protein_coding,ENSCHIG00000016719,16,24709622,24730071,1,BRO1 domain and CAAX motif containing [Source:HGNC Symbol;Acc:HGNC:26512],BROX,protein_coding,375,460,ENSOARG00020012541,12,25383251,25440170,-1,"axin interactor, dorsalization associated [Source:HGNC Symbol;Acc:HGNC:25761]",AIDA,protein_coding,ENSOARG00020012719,12,25441065,25461534,1,BRO1 domain and CAAX motif containing [Source:HGNC Symbol;Acc:HGNC:26512],BROX,protein_coding,895,,,,,,,,,,,,,,,,,,,,,,,,,,,,,,,,,,,,
715,ENSBTAG00000021671,16,37440402,37442731,-1,"methyltransferase 18, RPL3 N3(tau)-histidine [Source:VGNC Symbol;Acc:VGNC:31405]",METTL18,protein_coding,ENSBTAG00000014793,16,37442660,37494121,1,FIGNL1 interacting regulator of recombination and mitosis [Source:VGNC Symbol;Acc:VGNC:52639],FIRRM,protein_coding,71,111,ENSBMSG00010009612,1,126010301,126012798,-1,methyltransferase like 18 [Source:HGNC Symbol;Acc:HGNC:28793],METTL18,protein_coding,ENSBMSG00010009621,1,126012833,126057300,1,chromosome 1 open reading frame 112 [Source:HGNC Symbol;Acc:HGNC:25565],FIRRM,protein_coding,35,,,,,,,,,,,,,,,,,,,,,,,,,,,,,,,,,,,,,473,ENSOARG00020027182,12,36725261,36734295,-1,"methyltransferase 18, RPL3 N3-histidine [Source:HGNC Symbol;Acc:HGNC:28793]",METTL18,protein_coding,ENSOARG00020008897,12,36733693,36784718,1,FIGNL1 interacting regulator of recombination and mitosis [Source:HGNC Symbol;Acc:HGNC:25565],FIRRM,protein_coding,602,143,ENSPSNG00000012677,1,126858343,126861126,-1,methyltransferase like 18 [Source:NCBI gene (formerly Entrezgene);Acc:116749171],METTL18,protein_coding,ENSPSNG00000012703,1,126861163,126906717,1,chromosome 1 C1orf112 homolog [Source:NCBI gene (formerly Entrezgene);Acc:116749132],FIRRM,protein_coding,37,273,ENSCHYG00000015908,14,34057312,34058433,-1,methyltransferase like 18 [Source:HGNC Symbol;Acc:HGNC:28793],METTL18,protein_coding,ENSCHYG00000016144,14,34058955,34109077,1,chromosome 1 open reading frame 112 [Source:HGNC Symbol;Acc:HGNC:25565],FIRRM,protein_coding,522
733,ENSBTAG00000048308,16,47112088,47119672,1,isoprenylcysteine carboxyl methyltransferase [Source:VGNC Symbol;Acc:VGNC:30029],ICMT,protein_coding,ENSBTAG00000009075,16,47120164,47137137,-1,ring finger protein 207 [Source:VGNC Symbol;Acc:VGNC:34048],RNF207,protein_coding,492,,,,,,,,,,,,,,,,,,,,,,,,,,,,,,,,,,,,,209,ENSCHIG00000011865,16,45639744,45648772,1,isoprenylcysteine carboxyl methyltransferase [Source:HGNC Symbol;Acc:HGNC:5350],ICMT,protein_coding,ENSCHIG00000017554,16,45649337,45663822,-1,ring finger protein 207 [Source:HGNC Symbol;Acc:HGNC:32947],RNF207,protein_coding,565,487,ENSOARG00020023166,12,46455029,46464646,1,isoprenylcysteine carboxyl methyltransferase [Source:HGNC Symbol;Acc:HGNC:5350],ICMT,protein_coding,ENSOARG00020023196,12,46465336,46478429,-1,ring finger protein 207 [Source:HGNC Symbol;Acc:HGNC:32947],RNF207,protein_coding,690,,,,,,,,,,,,,,,,,,,,,,,,,,,,,,,,,,,,
734,ENSBTAG00000020015,16,49213744,49228476,-1,DNA fragmentation factor subunit beta [Source:VGNC Symbol;Acc:VGNC:28018],DFFB,protein_coding,ENSBTAG00000020014,16,49228164,49267318,1,centrosomal protein 104 [Source:VGNC Symbol;Acc:VGNC:27189],CEP104,protein_coding,312,,,,,,,,,,,,,,,,,,,,,,,,,,,,,,,,,,,,,,,,,,,,,,,,,,,,,,,488,ENSOARG00020003201,12,48607632,48621368,-1,DNA fragmentation factor subunit beta [Source:HGNC Symbol;Acc:HGNC:2773],DFFB,protein_coding,ENSOARG00020037976,12,48620772,48662030,1,centrosomal protein 104 [Source:HGNC Symbol;Acc:HGNC:24866],CEP104,protein_coding,596,,,,,,,,,,,,,,,,,,,,,,,,,,,,,,,,,,,,
740,ENSBTAG00000046073,16,51079295,51084983,1,transmembrane protein 240 [Source:VGNC Symbol;Acc:VGNC:36051],TMEM240,protein_coding,ENSBTAG00000002219,16,51085081,51101450,-1,ATPase family AAA domain containing 3A [Source:HGNC Symbol;Acc:HGNC:25567],ATAD3A,protein_coding,98,,,,,,,,,,,,,,,,,,,173,ENSBGRG00000010779,14,49169681,49174798,1,transmembrane protein 240 [Source:HGNC Symbol;Acc:HGNC:25186],TMEM240,protein_coding,ENSBGRG00000010900,14,49175762,49194685,-1,ATPase family AAA domain containing 3A [Source:HGNC Symbol;Acc:HGNC:25567],ATAD3A,protein_coding,964,,,,,,,,,,,,,,,,,,,498,ENSOARG00020009392,12,50397132,50403028,1,transmembrane protein 240 [Source:HGNC Symbol;Acc:HGNC:25186],TMEM240,protein_coding,ENSOARG00020009433,12,50403104,50419821,-1,ATPase family AAA domain containing 3A [Source:HGNC Symbol;Acc:HGNC:25567],ATAD3A,protein_coding,76,,,,,,,,,,,,,,,,,,,285,ENSCHYG00000013454,14,47280765,47286961,1,transmembrane protein 240 [Source:HGNC Symbol;Acc:HGNC:25186],TMEM240,protein_coding,ENSCHYG00000013508,14,47287276,47315792,-1,ATPase family AAA domain containing 3A [Source:HGNC Symbol;Acc:HGNC:25567],ATAD3A,protein_coding,315
759,ENSBTAG00000018142,16,71386304,71466322,-1,denticleless E3 ubiquitin  [Source:VGNC Symbol;Acc:VGNC:28230],DTL,protein_coding,ENSBTAG00000018548,16,71466476,71549865,1,integrator complex subunit 7 [Source:VGNC Symbol;Acc:VGNC:30233],INTS7,protein_coding,154,118,ENSBMSG00010002763,1,145461598,145501080,-1,denticleless E3 ubiquitin protein ligase homolog [Source:HGNC Symbol;Acc:HGNC:30288],DTL,protein_coding,ENSBMSG00010002812,1,145501259,145590003,1,integrator complex subunit 7 [Source:HGNC Symbol;Acc:HGNC:24484],INTS7,protein_coding,179,183,ENSBGRG00000021712,14,71948649,72006353,-1,denticleless E3 ubiquitin protein ligase homolog [Source:HGNC Symbol;Acc:HGNC:30288],DTL,protein_coding,ENSBGRG00000021952,14,72005915,72096482,1,integrator complex subunit 7 [Source:HGNC Symbol;Acc:HGNC:24484],INTS7,protein_coding,438,220,ENSCHIG00000018130,16,70076681,70126561,-1,denticleless E3 ubiquitin protein ligase homolog [Source:HGNC Symbol;Acc:HGNC:30288],DTL,protein_coding,ENSCHIG00000021252,16,70126367,70204625,1,integrator complex subunit 7 [Source:HGNC Symbol;Acc:HGNC:24484],INTS7,protein_coding,194,520,ENSOARG00020021454,12,70902250,70952770,-1,denticleless E3 ubiquitin protein ligase homolog [Source:HGNC Symbol;Acc:HGNC:30288],DTL,protein_coding,ENSOARG00020021629,12,70952902,71032420,1,integrator complex subunit 7 [Source:HGNC Symbol;Acc:HGNC:24484],INTS7,protein_coding,132,152,ENSPSNG00000010167,1,145982235,146022408,-1,denticleless E3 ubiquitin protein ligase homolog [Source:NCBI gene (formerly Entrezgene);Acc:116757043],DTL,protein_coding,ENSPSNG00000010384,1,146022645,146130481,1,integrator complex subunit 7 [Source:NCBI gene (formerly Entrezgene);Acc:116757028],INTS7,protein_coding,237,,,,,,,,,,,,,,,,,,
777,ENSBTAG00000019854,17,13156554,13187394,-1,ATP binding cassette subfamily E member 1 [Source:VGNC Symbol;Acc:VGNC:25479],ABCE1,protein_coding,ENSBTAG00000013326,17,13187173,13350328,1,anaphase promoting complex subunit 10 [Source:VGNC Symbol;Acc:VGNC:25880],ANAPC10,protein_coding,221,,,,,,,,,,,,,,,,,,,,,,,,,,,,,,,,,,,,,,,,,,,,,,,,,,,,,,,,,,,,,,,,,,,,,,,,,1383,ENSPSNG00000014453,5,115093269,115131813,-1,ATP binding cassette subfamily E member 1 [Source:NCBI gene (formerly Entrezgene);Acc:116754247],ABCE1,protein_coding,ENSPSNG00000014531,5,115131207,115208317,1,anaphase promoting complex subunit 10 [Source:NCBI gene (formerly Entrezgene);Acc:116754248],ANAPC10,protein_coding,606,,,,,,,,,,,,,,,,,,
834,ENSBTAG00000017038,17,66113315,66140520,-1,HPS4 biosis of lysosomal organelles complex 3 subunit 2 [Source:VGNC Symbol;Acc:VGNC:29945],HPS4,protein_coding,ENSBTAG00000012277,17,66140628,66165494,1,SRR1 domain containing [Source:VGNC Symbol;Acc:VGNC:35293],SRRD,protein_coding,108,,,,,,,,,,,,,,,,,,,229,ENSBGRG00000015575,16,73449775,73480067,-1,HPS4 biogenesis of lysosomal organelles complex 3 subunit 2 [Source:HGNC Symbol;Acc:HGNC:15844],HPS4,protein_coding,ENSBGRG00000015673,16,73480108,73506774,1,SRR1 domain containing [Source:HGNC Symbol;Acc:HGNC:33910],SRRD,protein_coding,41,,,,,,,,,,,,,,,,,,,983,ENSOARG00020006272,17,66309904,66335615,-1,HPS4 biogenesis of lysosomal organelles complex 3 subunit 2 [Source:HGNC Symbol;Acc:HGNC:15844],HPS4,protein_coding,ENSOARG00020006297,17,66335643,66357818,1,SRR1 domain containing [Source:HGNC Symbol;Acc:HGNC:33910],SRRD,protein_coding,28,,,,,,,,,,,,,,,,,,,,,,,,,,,,,,,,,,,,
838,ENSBTAG00000004956,17,67975026,68012641,-1,checkpoint kinase 2 [Source:VGNC Symbol;Acc:VGNC:27286],CHEK2,protein_coding,ENSBTAG00000015075,17,68012848,68025487,1,HscB mitochondrial iron-sulfur cluster cochaperone [Source:VGNC Symbol;Acc:VGNC:29964],HSCB,protein_coding,207,,,,,,,,,,,,,,,,,,,,,,,,,,,,,,,,,,,,,,,,,,,,,,,,,,,,,,,987,ENSOARG00020007570,17,68152434,68187286,-1,checkpoint kinase 2 [Source:HGNC Symbol;Acc:HGNC:16627],CHEK2,protein_coding,ENSOARG00020008236,17,68187502,68196822,1,HscB mitochondrial iron-sulfur cluster cochaperone [Source:HGNC Symbol;Acc:HGNC:28913],HSCB,protein_coding,216,,,,,,,,,,,,,,,,,,,,,,,,,,,,,,,,,,,,
863,ENSBTAG00000014646,17,72399346,72403587,-1,mitotic spindle organizing protein 2B [Source:NCBI gene (formerly Entrezgene);Acc:787548],MZT2B,protein_coding,ENSBTAG00000002130,17,72403531,72419364,1,sphingomyelin phosphodiesterase 4 [Source:VGNC Symbol;Acc:VGNC:35032],SMPD4,protein_coding,56,,,,,,,,,,,,,,,,,,,,,,,,,,,,,,,,,,,,,,,,,,,,,,,,,,,,,,,1013,ENSOARG00020004493,17,72430368,72434287,-1,,MZT2B,protein_coding,ENSOARG00020004574,17,72434715,72449955,1,sphingomyelin phosphodiesterase 4 [Source:HGNC Symbol;Acc:HGNC:32949],SMPD4,protein_coding,428,,,,,,,,,,,,,,,,,,,,,,,,,,,,,,,,,,,,
864,ENSBTAG00000031018,17,72422633,72430473,1,,,protein_coding,ENSBTAG00000018048,17,72430965,72476225,-1,mediator complex subunit 15 [Source:VGNC Symbol;Acc:VGNC:31353],MED15,protein_coding,492,401,ENSBMSG00010016490,14,27140243,27144770,1,,,protein_coding,ENSBMSG00010016530,14,27145610,27208424,-1,mediator complex subunit 15 [Source:HGNC Symbol;Acc:HGNC:14248],MED15,protein_coding,840,240,ENSBGRG00000018063,16,80278039,80283822,1,,,protein_coding,ENSBGRG00000018246,16,80283665,80301720,-1,mediator complex subunit 15 [Source:HGNC Symbol;Acc:HGNC:14248],MED15,protein_coding,157,,,,,,,,,,,,,,,,,,,1014,ENSOARG00020005000,17,72456256,72460396,1,,,protein_coding,ENSOARG00020005078,17,72460918,72503389,-1,mediator complex subunit 15 [Source:HGNC Symbol;Acc:HGNC:14248],MED15,protein_coding,522,,,,,,,,,,,,,,,,,,,,,,,,,,,,,,,,,,,,
868,ENSBTAG00000004284,17,72702595,72716296,-1,ubiquitin recognition factor in ER associated degradation 1 [Source:VGNC Symbol;Acc:VGNC:36645],UFD1,protein_coding,ENSBTAG00000004286,17,72716770,72732379,1,cell division cycle 45 [Source:VGNC Symbol;Acc:VGNC:27079],CDC45,protein_coding,474,403,ENSBMSG00010017349,14,27581485,27601610,-1,ubiquitin recognition factor in ER associated degradation 1 [Source:HGNC Symbol;Acc:HGNC:12520],UFD1,protein_coding,ENSBMSG00010017411,14,27602322,27626369,1,cell division cycle 45 [Source:HGNC Symbol;Acc:HGNC:1739],CDC45,protein_coding,712,242,ENSBGRG00000019757,16,80593040,80611856,-1,ubiquitin recognition factor in ER associated degradation 1 [Source:HGNC Symbol;Acc:HGNC:12520],UFD1,protein_coding,ENSBGRG00000020248,16,80611877,80632516,1,cell division cycle 45 [Source:HGNC Symbol;Acc:HGNC:1739],CDC45,protein_coding,21,,,,,,,,,,,,,,,,,,,1016,ENSOARG00020005997,17,72735649,72749963,-1,ubiquitin recognition factor in ER associated degradation 1 [Source:HGNC Symbol;Acc:HGNC:12520],UFD1,protein_coding,ENSOARG00020006078,17,72750141,72764566,1,cell division cycle 45 [Source:HGNC Symbol;Acc:HGNC:1739],CDC45,protein_coding,178,,,,,,,,,,,,,,,,,,,,,,,,,,,,,,,,,,,,
895,ENSBTAG00000002493,18,14984970,15012555,-1,VPS35 retromer complex component [Source:VGNC Symbol;Acc:VGNC:36818],VPS35,protein_coding,ENSBTAG00000001872,18,15013053,15021378,1,origin recognition complex subunit 6 [Source:VGNC Symbol;Acc:VGNC:32451],ORC6,protein_coding,498,671,ENSBMSG00010018847,19,23537659,23571320,-1,VPS35 retromer complex component [Source:HGNC Symbol;Acc:HGNC:13487],VPS35,protein_coding,ENSBMSG00010018899,19,23571775,23579412,1,origin recognition complex subunit 6 [Source:HGNC Symbol;Acc:HGNC:17151],ORC6,protein_coding,455,,,,,,,,,,,,,,,,,,,,,,,,,,,,,,,,,,,,,647,ENSOARG00020004298,14,14521894,14551916,-1,VPS35 retromer complex component [Source:HGNC Symbol;Acc:HGNC:13487],VPS35,protein_coding,ENSOARG00020004404,14,14552034,14561450,1,origin recognition complex subunit 6 [Source:HGNC Symbol;Acc:HGNC:17151],ORC6,protein_coding,118,,,,,,,,,,,,,,,,,,,631,ENSCHYG00000001622,4,13946777,13977097,-1,VPS35 retromer complex component [Source:HGNC Symbol;Acc:HGNC:13487],VPS35,protein_coding,ENSCHYG00000001691,4,13977648,13985905,1,origin recognition complex subunit 6 [Source:HGNC Symbol;Acc:HGNC:17151],ORC6,protein_coding,551
902,ENSBTAG00000001854,18,25431301,25444206,-1,cytokine induced apoptosis inhibitor 1 [Source:VGNC Symbol;Acc:VGNC:27357],CIAPIN1,protein_coding,ENSBTAG00000001855,18,25444079,25456211,1,coenzyme Q9 [Source:VGNC Symbol;Acc:VGNC:27618],COQ9,protein_coding,127,676,ENSBMSG00010019286,19,32837732,32852065,-1,cytokine induced apoptosis inhibitor 1 [Source:HGNC Symbol;Acc:HGNC:28050],CIAPIN1,protein_coding,ENSBMSG00010019327,19,32852091,32865311,1,coenzyme Q9 [Source:HGNC Symbol;Acc:HGNC:25302],COQ9,protein_coding,26,,,,,,,,,,,,,,,,,,,,,,,,,,,,,,,,,,,,,655,ENSOARG00020003371,14,25023231,25036565,-1,cytokine induced apoptosis inhibitor 1 [Source:HGNC Symbol;Acc:HGNC:28050],CIAPIN1,protein_coding,ENSOARG00020003481,14,25036352,25048864,1,coenzyme Q9 [Source:HGNC Symbol;Acc:HGNC:25302],COQ9,protein_coding,213,843,ENSPSNG00000021155,19,31605261,31619643,-1,cytokine induced apoptosis inhibitor 1 [Source:NCBI gene (formerly Entrezgene);Acc:116744676],CIAPIN1,protein_coding,ENSPSNG00000021226,19,31619541,31634904,1,coenzyme Q9 [Source:NCBI gene (formerly Entrezgene);Acc:116744675],COQ9,protein_coding,102,,,,,,,,,,,,,,,,,,
924,ENSBTAG00000006387,18,35327597,35338631,1,translin associated factor X interacting protein 1 [Source:VGNC Symbol;Acc:VGNC:36424],TSNAXIP1,protein_coding,ENSBTAG00000006404,18,35338638,35344700,-1,centromere protein T [Source:VGNC Symbol;Acc:VGNC:27185],CENPT,protein_coding,7,686,ENSBMSG00010018897,19,41909014,41925519,1,translin associated factor X interacting protein 1 [Source:HGNC Symbol;Acc:HGNC:18586],TSNAXIP1,protein_coding,ENSBMSG00010019145,19,41925694,41931367,-1,centromere protein T [Source:HGNC Symbol;Acc:HGNC:25787],CENPT,protein_coding,175,,,,,,,,,,,,,,,,,,,270,ENSCHIG00000014033,18,36592680,36598315,1,translin associated factor X interacting protein 1 [Source:HGNC Symbol;Acc:HGNC:18586],TSNAXIP1,protein_coding,ENSCHIG00000026636,18,36598588,36604340,-1,centromere protein T [Source:HGNC Symbol;Acc:HGNC:25787],CENPT,protein_coding,273,,,,,,,,,,,,,,,,,,,,,,,,,,,,,,,,,,,,,,,,,,,,,,,,,,,,,,
934,ENSBTAG00000004864,18,43315273,43398182,-1,centrosomal protein 89 [Source:VGNC Symbol;Acc:VGNC:27218],CEP89,protein_coding,ENSBTAG00000010403,18,43398431,43408232,1,FA core complex associated protein 24 [Source:VGNC Symbol;Acc:VGNC:28694],FAAP24,protein_coding,249,,,,,,,,,,,,,,,,,,,,,,,,,,,,,,,,,,,,,273,ENSCHIG00000014142,18,44379176,44456476,-1,centrosomal protein 89 [Source:HGNC Symbol;Acc:HGNC:25907],CEP89,protein_coding,ENSCHIG00000021119,18,44456251,44460404,1,FA core complex associated protein 24 [Source:HGNC Symbol;Acc:HGNC:28467],FAAP24,protein_coding,225,685,ENSOARG00020010986,14,42820116,42897517,-1,centrosomal protein 89 [Source:HGNC Symbol;Acc:HGNC:25907],CEP89,protein_coding,ENSOARG00020011075,14,42897609,42900992,1,FA core complex associated protein 24 [Source:HGNC Symbol;Acc:HGNC:28467],FAAP24,protein_coding,92,,,,,,,,,,,,,,,,,,,,,,,,,,,,,,,,,,,,
946,ENSBTAG00000007336,18,46589766,46591222,1,hematopoietic cell signal transducer [Source:VGNC Symbol;Acc:VGNC:29783],HCST,protein_coding,ENSBTAG00000007338,18,46591329,46594497,-1,transmembrane immune signaling adaptor TYROBP [Source:VGNC Symbol;Acc:VGNC:36552],TYROBP,protein_coding,107,,,,,,,,,,,,,,,,,,,,,,,,,,,,,,,,,,,,,278,ENSCHIG00000024763,18,47434487,47435759,1,hematopoietic cell signal transducer [Source:HGNC Symbol;Acc:HGNC:16977],HCST,protein_coding,ENSCHIG00000011501,18,47436158,47438805,-1,transmembrane immune signaling adaptor TYROBP [Source:HGNC Symbol;Acc:HGNC:12449],TYROBP,protein_coding,399,695,ENSOARG00020022772,14,45896432,45899651,1,,,protein_coding,ENSOARG00020022809,14,45899073,45902409,-1,,,protein_coding,578,,,,,,,,,,,,,,,,,,,659,ENSCHYG00000008142,4,43900043,43902564,1,,,protein_coding,ENSCHYG00000008197,4,43902687,43905985,-1,transmembrane immune signaling adaptor TYROBP [Source:HGNC Symbol;Acc:HGNC:12449],TYROBP,protein_coding,123
962,ENSBTAG00000020428,18,49086558,49091590,-1,"PAF1 homolog, Paf1/RNA polymerase II complex component [Source:VGNC Symbol;Acc:VGNC:96701]",PAF1,protein_coding,ENSBTAG00000020429,18,49091980,49098520,1,mediator complex subunit 29 [Source:VGNC Symbol;Acc:VGNC:31365],MED29,protein_coding,390,,,,,,,,,,,,,,,,,,,,,,,,,,,,,,,,,,,,,,,,,,,,,,,,,,,,,,,714,ENSOARG00020024868,14,48443813,48448917,-1,"PAF1 homolog, Paf1/RNA polymerase II complex component [Source:HGNC Symbol;Acc:HGNC:25459]",PAF1,protein_coding,ENSOARG00020024900,14,48449168,48453607,1,mediator complex subunit 29 [Source:HGNC Symbol;Acc:HGNC:23074],MED29,protein_coding,251,,,,,,,,,,,,,,,,,,,,,,,,,,,,,,,,,,,,
